Group,ResponseId,option_cond,count,proportion
Belief,R_0Hrx74YI9V7oyxH,Opt_in,40.0,1.0
Belief,R_0Hrx74YI9V7oyxH,Opt_out,0.0,0.0
Belief,R_0ceMY7BosF4yFEt,Opt_in,13.0,0.325
Belief,R_0ceMY7BosF4yFEt,Opt_out,27.0,0.675
Belief,R_0p23xuWK8kfIOI1,Opt_in,17.0,0.425
Belief,R_0p23xuWK8kfIOI1,Opt_out,23.0,0.575
Belief,R_0vLoFjkLH0gaAsV,Opt_in,0.0,0.0
Belief,R_0vLoFjkLH0gaAsV,Opt_out,40.0,1.0
Belief,R_10pi4sTY23HIz4P,Opt_in,12.0,0.3
Belief,R_10pi4sTY23HIz4P,Opt_out,28.0,0.7
Belief,R_10u9xVH0Egx6755,Opt_in,0.0,0.0
Belief,R_10u9xVH0Egx6755,Opt_out,40.0,1.0
Belief,R_125Zkk4hc65bqQR,Opt_in,24.0,0.6
Belief,R_125Zkk4hc65bqQR,Opt_out,16.0,0.4
Belief,R_1CBIBuAje6hZpOK,Opt_in,40.0,1.0
Belief,R_1CBIBuAje6hZpOK,Opt_out,0.0,0.0
Belief,R_1Ca7fGwfppPm8Cm,Opt_in,31.0,0.775
Belief,R_1Ca7fGwfppPm8Cm,Opt_out,9.0,0.225
Belief,R_1CvBpl1mMIgRe4m,Opt_in,37.0,0.925
Belief,R_1CvBpl1mMIgRe4m,Opt_out,3.0,0.075
Belief,R_1Dw350aE0wDstGV,Opt_in,23.0,0.575
Belief,R_1Dw350aE0wDstGV,Opt_out,17.0,0.425
Belief,R_1E4KseAVFnrtiTL,Opt_in,3.0,0.075
Belief,R_1E4KseAVFnrtiTL,Opt_out,37.0,0.925
Belief,R_1E4NUVuXGs92kjs,Opt_in,40.0,1.0
Belief,R_1E4NUVuXGs92kjs,Opt_out,0.0,0.0
Belief,R_1FL3s3C52glwreE,Opt_in,23.0,0.575
Belief,R_1FL3s3C52glwreE,Opt_out,17.0,0.425
Belief,R_1Fks3fj8fpk2xRu,Opt_in,1.0,0.025
Belief,R_1Fks3fj8fpk2xRu,Opt_out,39.0,0.975
Belief,R_1GBt8nuywr6Il2y,Opt_in,19.0,0.475
Belief,R_1GBt8nuywr6Il2y,Opt_out,21.0,0.525
Belief,R_1Id4GumjlIAeWAb,Opt_in,2.0,0.05
Belief,R_1Id4GumjlIAeWAb,Opt_out,38.0,0.95
Belief,R_1IgsYdZYdIhNiC0,Opt_in,40.0,1.0
Belief,R_1IgsYdZYdIhNiC0,Opt_out,0.0,0.0
Belief,R_1JX98KzaPOa9SOF,Opt_in,26.0,0.65
Belief,R_1JX98KzaPOa9SOF,Opt_out,14.0,0.35
Belief,R_1K2Yv17rl4Ictuh,Opt_in,40.0,1.0
Belief,R_1K2Yv17rl4Ictuh,Opt_out,0.0,0.0
Belief,R_1Kx6nxwJ1l7TVNG,Opt_in,18.0,0.45
Belief,R_1Kx6nxwJ1l7TVNG,Opt_out,22.0,0.55
Belief,R_1LHzJNBhIKuuKmo,Opt_in,1.0,0.025
Belief,R_1LHzJNBhIKuuKmo,Opt_out,39.0,0.975
Belief,R_1MSMFB5CA5Ce8mF,Opt_in,2.0,0.05
Belief,R_1MSMFB5CA5Ce8mF,Opt_out,38.0,0.95
Belief,R_1OJnKIkCO2a23yf,Opt_in,1.0,0.025
Belief,R_1OJnKIkCO2a23yf,Opt_out,39.0,0.975
Belief,R_1OVKBshRci7iKrf,Opt_in,15.0,0.375
Belief,R_1OVKBshRci7iKrf,Opt_out,25.0,0.625
Belief,R_1Olwl9jIwHz9cNt,Opt_in,40.0,1.0
Belief,R_1Olwl9jIwHz9cNt,Opt_out,0.0,0.0
Belief,R_1P0nPSMB4dPX21J,Opt_in,2.0,0.05
Belief,R_1P0nPSMB4dPX21J,Opt_out,38.0,0.95
Belief,R_1PbflGIUqIOkMW4,Opt_in,29.0,0.725
Belief,R_1PbflGIUqIOkMW4,Opt_out,11.0,0.275
Belief,R_1QH2eXidar11uxO,Opt_in,40.0,1.0
Belief,R_1QH2eXidar11uxO,Opt_out,0.0,0.0
Belief,R_1QxXnS15WKcsPWu,Opt_in,40.0,1.0
Belief,R_1QxXnS15WKcsPWu,Opt_out,0.0,0.0
Belief,R_1cS7qk4P3kMREqq,Opt_in,17.0,0.425
Belief,R_1cS7qk4P3kMREqq,Opt_out,23.0,0.575
Belief,R_1dizzCypvSOxudP,Opt_in,7.0,0.175
Belief,R_1dizzCypvSOxudP,Opt_out,33.0,0.825
Belief,R_1dv1fW3DCTt6blV,Opt_in,26.0,0.65
Belief,R_1dv1fW3DCTt6blV,Opt_out,14.0,0.35
Belief,R_1esHHNIz4M2mhKx,Opt_in,4.0,0.1
Belief,R_1esHHNIz4M2mhKx,Opt_out,36.0,0.9
Belief,R_1exxCK75K38Vc7u,Opt_in,39.0,0.975
Belief,R_1exxCK75K38Vc7u,Opt_out,1.0,0.025
Belief,R_1f6NoQw58pSbXfo,Opt_in,40.0,1.0
Belief,R_1f6NoQw58pSbXfo,Opt_out,0.0,0.0
Belief,R_1g1mwobRwywJk1Z,Opt_in,1.0,0.025
Belief,R_1g1mwobRwywJk1Z,Opt_out,39.0,0.975
Belief,R_1gpvYtprtdDpZ4g,Opt_in,40.0,1.0
Belief,R_1gpvYtprtdDpZ4g,Opt_out,0.0,0.0
Belief,R_1hHkFpTUo103KLI,Opt_in,6.0,0.15
Belief,R_1hHkFpTUo103KLI,Opt_out,34.0,0.85
Belief,R_1hN2Le9gMwU1RPS,Opt_in,40.0,1.0
Belief,R_1hN2Le9gMwU1RPS,Opt_out,0.0,0.0
Belief,R_1j8sjmYEAX7qtwu,Opt_in,20.0,0.5
Belief,R_1j8sjmYEAX7qtwu,Opt_out,20.0,0.5
Belief,R_1jK57tJiqWEQn6m,Opt_in,24.0,0.6
Belief,R_1jK57tJiqWEQn6m,Opt_out,16.0,0.4
Belief,R_1ja1IgPAA1HHZhn,Opt_in,40.0,1.0
Belief,R_1ja1IgPAA1HHZhn,Opt_out,0.0,0.0
Belief,R_1kId3MeJak1wnrZ,Opt_in,0.0,0.0
Belief,R_1kId3MeJak1wnrZ,Opt_out,40.0,1.0
Belief,R_1kU3WukdCPi95Pn,Opt_in,40.0,1.0
Belief,R_1kU3WukdCPi95Pn,Opt_out,0.0,0.0
Belief,R_1kZen3pb0LfZMGf,Opt_in,17.0,0.425
Belief,R_1kZen3pb0LfZMGf,Opt_out,23.0,0.575
Belief,R_1l49mYfWzKaNsA0,Opt_in,39.0,0.975
Belief,R_1l49mYfWzKaNsA0,Opt_out,1.0,0.025
Belief,R_1lxWm4jEaLNREwX,Opt_in,38.0,0.95
Belief,R_1lxWm4jEaLNREwX,Opt_out,2.0,0.05
Belief,R_1mIQAeLuenPj9oZ,Opt_in,29.0,0.725
Belief,R_1mIQAeLuenPj9oZ,Opt_out,11.0,0.275
Belief,R_1mLBAKc7p9iSqqV,Opt_in,40.0,1.0
Belief,R_1mLBAKc7p9iSqqV,Opt_out,0.0,0.0
Belief,R_1mgvIVpvc647Jk4,Opt_in,0.0,0.0
Belief,R_1mgvIVpvc647Jk4,Opt_out,40.0,1.0
Belief,R_1n6CxllQaKIozvn,Opt_in,34.0,0.85
Belief,R_1n6CxllQaKIozvn,Opt_out,6.0,0.15
Belief,R_1o6z5RDkWLBn3yq,Opt_in,39.0,0.975
Belief,R_1o6z5RDkWLBn3yq,Opt_out,1.0,0.025
Belief,R_1oBXK5NyraJSkVD,Opt_in,5.0,0.125
Belief,R_1oBXK5NyraJSkVD,Opt_out,35.0,0.875
Belief,R_1pESSMpxtYgMFVm,Opt_in,36.0,0.9
Belief,R_1pESSMpxtYgMFVm,Opt_out,4.0,0.1
Belief,R_1pGKwZrayHtqHXW,Opt_in,15.0,0.375
Belief,R_1pGKwZrayHtqHXW,Opt_out,25.0,0.625
Belief,R_1pWCCUL1VStPV0Y,Opt_in,0.0,0.0
Belief,R_1pWCCUL1VStPV0Y,Opt_out,40.0,1.0
Belief,R_1pzZIydf6TbhmU7,Opt_in,40.0,1.0
Belief,R_1pzZIydf6TbhmU7,Opt_out,0.0,0.0
Belief,R_1q7IoZFtg9aVtvi,Opt_in,28.0,0.7
Belief,R_1q7IoZFtg9aVtvi,Opt_out,12.0,0.3
Belief,R_1qfjJIuh11jWXMU,Opt_in,10.0,0.25
Belief,R_1qfjJIuh11jWXMU,Opt_out,30.0,0.75
Belief,R_1r1xzgHOMYN33Cc,Opt_in,13.0,0.325
Belief,R_1r1xzgHOMYN33Cc,Opt_out,27.0,0.675
Belief,R_1rOobqEZjcSGGQe,Opt_in,26.0,0.65
Belief,R_1rOobqEZjcSGGQe,Opt_out,14.0,0.35
Belief,R_1reQfT0xLikq0Nr,Opt_in,40.0,1.0
Belief,R_1reQfT0xLikq0Nr,Opt_out,0.0,0.0
Belief,R_1ruhr1eff0JPhin,Opt_in,22.0,0.55
Belief,R_1ruhr1eff0JPhin,Opt_out,18.0,0.45
Belief,R_21ziIji9eWs5Mql,Opt_in,0.0,0.0
Belief,R_21ziIji9eWs5Mql,Opt_out,40.0,1.0
Belief,R_22J3RZPmBmAjJeN,Opt_in,10.0,0.25
Belief,R_22J3RZPmBmAjJeN,Opt_out,30.0,0.75
Belief,R_23dj3VKXQfPQZGW,Opt_in,40.0,1.0
Belief,R_23dj3VKXQfPQZGW,Opt_out,0.0,0.0
Belief,R_24c3shBC6jxK1bj,Opt_in,30.0,0.75
Belief,R_24c3shBC6jxK1bj,Opt_out,10.0,0.25
Belief,R_25F76HqwA67K92C,Opt_in,20.0,0.5
Belief,R_25F76HqwA67K92C,Opt_out,20.0,0.5
Belief,R_26akkx92lJZdMDm,Opt_in,16.0,0.4
Belief,R_26akkx92lJZdMDm,Opt_out,24.0,0.6
Belief,R_26o2yZNN6ix0aTL,Opt_in,0.0,0.0
Belief,R_26o2yZNN6ix0aTL,Opt_out,40.0,1.0
Belief,R_270R80fiV1DYYcY,Opt_in,40.0,1.0
Belief,R_270R80fiV1DYYcY,Opt_out,0.0,0.0
Belief,R_27PxVn6Ygj14SL2,Opt_in,8.0,0.2
Belief,R_27PxVn6Ygj14SL2,Opt_out,32.0,0.8
Belief,R_27TfDetepAKj3YU,Opt_in,16.0,0.4
Belief,R_27TfDetepAKj3YU,Opt_out,24.0,0.6
Belief,R_28B7Ztdg0TtWrzo,Opt_in,31.0,0.775
Belief,R_28B7Ztdg0TtWrzo,Opt_out,9.0,0.225
Belief,R_28PckIflcvaJS7f,Opt_in,0.0,0.0
Belief,R_28PckIflcvaJS7f,Opt_out,40.0,1.0
Belief,R_28TGJlOAyUuTVDN,Opt_in,11.0,0.275
Belief,R_28TGJlOAyUuTVDN,Opt_out,29.0,0.725
Belief,R_2AWHX8FEHnCqOz9,Opt_in,0.0,0.0
Belief,R_2AWHX8FEHnCqOz9,Opt_out,40.0,1.0
Belief,R_2CJ1QVTNfzlF9NA,Opt_in,12.0,0.3
Belief,R_2CJ1QVTNfzlF9NA,Opt_out,28.0,0.7
Belief,R_2CZcD1TtZI1BvMk,Opt_in,11.0,0.275
Belief,R_2CZcD1TtZI1BvMk,Opt_out,29.0,0.725
Belief,R_2EbAV2g35pu60Yt,Opt_in,2.0,0.05
Belief,R_2EbAV2g35pu60Yt,Opt_out,38.0,0.95
Belief,R_2OME0CSeyPGylay,Opt_in,16.0,0.4
Belief,R_2OME0CSeyPGylay,Opt_out,24.0,0.6
Belief,R_2OPUcwwDq1YxTTT,Opt_in,6.0,0.15
Belief,R_2OPUcwwDq1YxTTT,Opt_out,34.0,0.85
Belief,R_2OU3xL2muqOxf2e,Opt_in,0.0,0.0
Belief,R_2OU3xL2muqOxf2e,Opt_out,40.0,1.0
Belief,R_2PBQIU1f5ZbQpQA,Opt_in,10.0,0.25
Belief,R_2PBQIU1f5ZbQpQA,Opt_out,30.0,0.75
Belief,R_2PBz9EUipEuFVZg,Opt_in,9.0,0.225
Belief,R_2PBz9EUipEuFVZg,Opt_out,31.0,0.775
Belief,R_2Pn9idhzEcefndQ,Opt_in,4.0,0.1
Belief,R_2Pn9idhzEcefndQ,Opt_out,36.0,0.9
Belief,R_2QAoW783wxrTjPo,Opt_in,37.0,0.925
Belief,R_2QAoW783wxrTjPo,Opt_out,3.0,0.075
Belief,R_2QQmo60UEB3j9VI,Opt_in,40.0,1.0
Belief,R_2QQmo60UEB3j9VI,Opt_out,0.0,0.0
Belief,R_2Qf8EbA2TJTLAgr,Opt_in,40.0,1.0
Belief,R_2Qf8EbA2TJTLAgr,Opt_out,0.0,0.0
Belief,R_2QnY9gOc7mHPaoU,Opt_in,9.0,0.225
Belief,R_2QnY9gOc7mHPaoU,Opt_out,31.0,0.775
Belief,R_2QtRsOVx6l5mUK2,Opt_in,11.0,0.275
Belief,R_2QtRsOVx6l5mUK2,Opt_out,29.0,0.725
Belief,R_2R9UwbkjrRUzeNh,Opt_in,8.0,0.2
Belief,R_2R9UwbkjrRUzeNh,Opt_out,32.0,0.8
Belief,R_2SeQ6iTEX2PPqK7,Opt_in,40.0,1.0
Belief,R_2SeQ6iTEX2PPqK7,Opt_out,0.0,0.0
Belief,R_2TFZBp22jpYH5Ch,Opt_in,16.0,0.4
Belief,R_2TFZBp22jpYH5Ch,Opt_out,24.0,0.6
Belief,R_2TpcNNBhPtuUyGe,Opt_in,26.0,0.65
Belief,R_2TpcNNBhPtuUyGe,Opt_out,14.0,0.35
Belief,R_2VDxWNg3F9AUER4,Opt_in,40.0,1.0
Belief,R_2VDxWNg3F9AUER4,Opt_out,0.0,0.0
Belief,R_2VKC4QZpqH7ZmUD,Opt_in,40.0,1.0
Belief,R_2VKC4QZpqH7ZmUD,Opt_out,0.0,0.0
Belief,R_2Vkz2o3fESa9Ozf,Opt_in,40.0,1.0
Belief,R_2Vkz2o3fESa9Ozf,Opt_out,0.0,0.0
Belief,R_2VrRn0L6sHYCP0y,Opt_in,40.0,1.0
Belief,R_2VrRn0L6sHYCP0y,Opt_out,0.0,0.0
Belief,R_2VsHc5QEZaxrvqe,Opt_in,3.0,0.075
Belief,R_2VsHc5QEZaxrvqe,Opt_out,37.0,0.925
Belief,R_2WMzn11ueTOGpE6,Opt_in,13.0,0.325
Belief,R_2WMzn11ueTOGpE6,Opt_out,27.0,0.675
Belief,R_2Xal58EDcO8LnEK,Opt_in,40.0,1.0
Belief,R_2Xal58EDcO8LnEK,Opt_out,0.0,0.0
Belief,R_2YPKbXZTdOA1OHb,Opt_in,1.0,0.025
Belief,R_2YPKbXZTdOA1OHb,Opt_out,39.0,0.975
Belief,R_2YQYGi8tgnBrpaK,Opt_in,40.0,1.0
Belief,R_2YQYGi8tgnBrpaK,Opt_out,0.0,0.0
Belief,R_2ZIFZDiQppM8wEv,Opt_in,16.0,0.4
Belief,R_2ZIFZDiQppM8wEv,Opt_out,24.0,0.6
Belief,R_2aQWAqpbQ0D2j5n,Opt_in,40.0,1.0
Belief,R_2aQWAqpbQ0D2j5n,Opt_out,0.0,0.0
Belief,R_2aUH28QxXHF2H2i,Opt_in,40.0,1.0
Belief,R_2aUH28QxXHF2H2i,Opt_out,0.0,0.0
Belief,R_2aazsEpJCFiugG5,Opt_in,6.0,0.15
Belief,R_2aazsEpJCFiugG5,Opt_out,34.0,0.85
Belief,R_2awuILLcu3tCwwD,Opt_in,40.0,1.0
Belief,R_2awuILLcu3tCwwD,Opt_out,0.0,0.0
Belief,R_2bOdzxHQ2UfWTfW,Opt_in,40.0,1.0
Belief,R_2bOdzxHQ2UfWTfW,Opt_out,0.0,0.0
Belief,R_2bTMaaYRAbf1PzH,Opt_in,40.0,1.0
Belief,R_2bTMaaYRAbf1PzH,Opt_out,0.0,0.0
Belief,R_2ceB3SdLH1cW9PS,Opt_in,1.0,0.025
Belief,R_2ceB3SdLH1cW9PS,Opt_out,39.0,0.975
Belief,R_2cq2UstkKHdJTo3,Opt_in,7.0,0.175
Belief,R_2cq2UstkKHdJTo3,Opt_out,33.0,0.825
Belief,R_2dgzeTXJQPblSGs,Opt_in,40.0,1.0
Belief,R_2dgzeTXJQPblSGs,Opt_out,0.0,0.0
Belief,R_2fImfNkls9Wn2AU,Opt_in,12.0,0.3
Belief,R_2fImfNkls9Wn2AU,Opt_out,28.0,0.7
Belief,R_2fvSXNW4vJApYxB,Opt_in,3.0,0.075
Belief,R_2fvSXNW4vJApYxB,Opt_out,37.0,0.925
Belief,R_2qn6Ye9j0TIyAF6,Opt_in,25.0,0.625
Belief,R_2qn6Ye9j0TIyAF6,Opt_out,15.0,0.375
Belief,R_2tgjP5olEAspXiV,Opt_in,37.0,0.925
Belief,R_2tgjP5olEAspXiV,Opt_out,3.0,0.075
Belief,R_2txs7UDOYfBdQGP,Opt_in,40.0,1.0
Belief,R_2txs7UDOYfBdQGP,Opt_out,0.0,0.0
Belief,R_2uVaaRcIgMZO2eb,Opt_in,39.0,0.975
Belief,R_2uVaaRcIgMZO2eb,Opt_out,1.0,0.025
Belief,R_2wHOzVDZFTBN8ln,Opt_in,36.0,0.9
Belief,R_2wHOzVDZFTBN8ln,Opt_out,4.0,0.1
Belief,R_2wMK6ofDfHzrKjg,Opt_in,38.0,0.95
Belief,R_2wMK6ofDfHzrKjg,Opt_out,2.0,0.05
Belief,R_2wauDV8SPCdMGnF,Opt_in,12.0,0.3
Belief,R_2wauDV8SPCdMGnF,Opt_out,28.0,0.7
Belief,R_2wdAxZSyF5eJDSx,Opt_in,3.0,0.075
Belief,R_2wdAxZSyF5eJDSx,Opt_out,37.0,0.925
Belief,R_2wt0fSFnsFpohJU,Opt_in,28.0,0.7
Belief,R_2wt0fSFnsFpohJU,Opt_out,12.0,0.3
Belief,R_2ydyyN35AsYgDnA,Opt_in,38.0,0.95
Belief,R_2ydyyN35AsYgDnA,Opt_out,2.0,0.05
Belief,R_2z7ItdYCz7tLcHz,Opt_in,0.0,0.0
Belief,R_2z7ItdYCz7tLcHz,Opt_out,40.0,1.0
Belief,R_2zMAgK5qXDW0uqc,Opt_in,17.0,0.425
Belief,R_2zMAgK5qXDW0uqc,Opt_out,23.0,0.575
Belief,R_2zO6CwLdeqrIppN,Opt_in,0.0,0.0
Belief,R_2zO6CwLdeqrIppN,Opt_out,40.0,1.0
Belief,R_2zjcGiBKLWsO0c2,Opt_in,36.0,0.9
Belief,R_2zjcGiBKLWsO0c2,Opt_out,4.0,0.1
Belief,R_30148g8wZGSHOob,Opt_in,11.0,0.275
Belief,R_30148g8wZGSHOob,Opt_out,29.0,0.725
Belief,R_302lCSN7AXqVVlA,Opt_in,7.0,0.175
Belief,R_302lCSN7AXqVVlA,Opt_out,33.0,0.825
Belief,R_308mB08FyjHLWeb,Opt_in,9.0,0.225
Belief,R_308mB08FyjHLWeb,Opt_out,31.0,0.775
Belief,R_30ja7qhMdeBlfsb,Opt_in,40.0,1.0
Belief,R_30ja7qhMdeBlfsb,Opt_out,0.0,0.0
Belief,R_31nNt2tCCidwhu2,Opt_in,6.0,0.15
Belief,R_31nNt2tCCidwhu2,Opt_out,34.0,0.85
Belief,R_33j2YEAsTXCpLNx,Opt_in,36.0,0.9
Belief,R_33j2YEAsTXCpLNx,Opt_out,4.0,0.1
Belief,R_33m1bmBpH98aOSR,Opt_in,40.0,1.0
Belief,R_33m1bmBpH98aOSR,Opt_out,0.0,0.0
Belief,R_33rK04h0Tht1zGE,Opt_in,12.0,0.3
Belief,R_33rK04h0Tht1zGE,Opt_out,28.0,0.7
Belief,R_33rwOOojl3GZsvc,Opt_in,2.0,0.05
Belief,R_33rwOOojl3GZsvc,Opt_out,38.0,0.95
Belief,R_3CDDg0WCxHRoPqY,Opt_in,40.0,1.0
Belief,R_3CDDg0WCxHRoPqY,Opt_out,0.0,0.0
Belief,R_3DjAiGMycQn0Zww,Opt_in,8.0,0.2
Belief,R_3DjAiGMycQn0Zww,Opt_out,32.0,0.8
Belief,R_3DnJKi8YpMXfL8b,Opt_in,0.0,0.0
Belief,R_3DnJKi8YpMXfL8b,Opt_out,40.0,1.0
Belief,R_3EJWGFMuOReZG5u,Opt_in,37.0,0.925
Belief,R_3EJWGFMuOReZG5u,Opt_out,3.0,0.075
Belief,R_3FLPuqkmrevthuj,Opt_in,9.0,0.225
Belief,R_3FLPuqkmrevthuj,Opt_out,31.0,0.775
Belief,R_3FOMUL62PTeKE05,Opt_in,1.0,0.025
Belief,R_3FOMUL62PTeKE05,Opt_out,39.0,0.975
Belief,R_3Gp2VNwZGE8z6HA,Opt_in,40.0,1.0
Belief,R_3Gp2VNwZGE8z6HA,Opt_out,0.0,0.0
Belief,R_3Gy9RkQtzNa84S7,Opt_in,38.0,0.95
Belief,R_3Gy9RkQtzNa84S7,Opt_out,2.0,0.05
Belief,R_3HAdnzfhs8tGBLE,Opt_in,23.0,0.575
Belief,R_3HAdnzfhs8tGBLE,Opt_out,17.0,0.425
Belief,R_3HYBa3f0fB3Hl4t,Opt_in,0.0,0.0
Belief,R_3HYBa3f0fB3Hl4t,Opt_out,40.0,1.0
Belief,R_3Hod5cmaDDWpXji,Opt_in,27.0,0.675
Belief,R_3Hod5cmaDDWpXji,Opt_out,13.0,0.325
Belief,R_3KJjkI1Gn48e2CD,Opt_in,40.0,1.0
Belief,R_3KJjkI1Gn48e2CD,Opt_out,0.0,0.0
Belief,R_3KPLdyugIfwSd9z,Opt_in,31.0,0.775
Belief,R_3KPLdyugIfwSd9z,Opt_out,9.0,0.225
Belief,R_3KW6FYyvjxsDwja,Opt_in,19.0,0.475
Belief,R_3KW6FYyvjxsDwja,Opt_out,21.0,0.525
Belief,R_3LbawVEDWDrCdeN,Opt_in,40.0,1.0
Belief,R_3LbawVEDWDrCdeN,Opt_out,0.0,0.0
Belief,R_3M39NUnjf0E9G07,Opt_in,40.0,1.0
Belief,R_3M39NUnjf0E9G07,Opt_out,0.0,0.0
Belief,R_3NEx9VRoyUOPrGQ,Opt_in,11.0,0.275
Belief,R_3NEx9VRoyUOPrGQ,Opt_out,29.0,0.725
Belief,R_3NVyBsuWkomW5El,Opt_in,3.0,0.075
Belief,R_3NVyBsuWkomW5El,Opt_out,37.0,0.925
Belief,R_3OF43TvVXZIAJHz,Opt_in,1.0,0.025
Belief,R_3OF43TvVXZIAJHz,Opt_out,39.0,0.975
Belief,R_3PGnOPox5ThZyk1,Opt_in,40.0,1.0
Belief,R_3PGnOPox5ThZyk1,Opt_out,0.0,0.0
Belief,R_3PKRX86nXxa1M0P,Opt_in,32.0,0.8
Belief,R_3PKRX86nXxa1M0P,Opt_out,8.0,0.2
Belief,R_3PMlRFlm9T6txHT,Opt_in,40.0,1.0
Belief,R_3PMlRFlm9T6txHT,Opt_out,0.0,0.0
Belief,R_3PpMYQLw2V4OKk3,Opt_in,15.0,0.375
Belief,R_3PpMYQLw2V4OKk3,Opt_out,25.0,0.625
Belief,R_3PtUTGcZI9x4BIe,Opt_in,40.0,1.0
Belief,R_3PtUTGcZI9x4BIe,Opt_out,0.0,0.0
Belief,R_3ReUOfuWxGVH3nD,Opt_in,16.0,0.4
Belief,R_3ReUOfuWxGVH3nD,Opt_out,24.0,0.6
Belief,R_3RlvnZpkyM3wJMH,Opt_in,3.0,0.075
Belief,R_3RlvnZpkyM3wJMH,Opt_out,37.0,0.925
Belief,R_3RmH7X1ZDBf5g7v,Opt_in,40.0,1.0
Belief,R_3RmH7X1ZDBf5g7v,Opt_out,0.0,0.0
Belief,R_3RqPeKKsYllxZMs,Opt_in,39.0,0.975
Belief,R_3RqPeKKsYllxZMs,Opt_out,1.0,0.025
Belief,R_3dLmamXW6lFKkl3,Opt_in,8.0,0.2
Belief,R_3dLmamXW6lFKkl3,Opt_out,32.0,0.8
Belief,R_3exhNzgEIOUrELE,Opt_in,1.0,0.025
Belief,R_3exhNzgEIOUrELE,Opt_out,39.0,0.975
Belief,R_3gSfrDYWlCGZ0jr,Opt_in,4.0,0.1
Belief,R_3gSfrDYWlCGZ0jr,Opt_out,36.0,0.9
Belief,R_3gZAn6xuQOaRhXT,Opt_in,40.0,1.0
Belief,R_3gZAn6xuQOaRhXT,Opt_out,0.0,0.0
Belief,R_3hgvRu58mshdRLf,Opt_in,40.0,1.0
Belief,R_3hgvRu58mshdRLf,Opt_out,0.0,0.0
Belief,R_3hojZE7ATW86BF6,Opt_in,19.0,0.475
Belief,R_3hojZE7ATW86BF6,Opt_out,21.0,0.525
Belief,R_3iQjBEvVtz0d5g9,Opt_in,7.0,0.175
Belief,R_3iQjBEvVtz0d5g9,Opt_out,33.0,0.825
Belief,R_3iwLKraVzk1WMUh,Opt_in,40.0,1.0
Belief,R_3iwLKraVzk1WMUh,Opt_out,0.0,0.0
Belief,R_3jTZD3bXtuV0sit,Opt_in,1.0,0.025
Belief,R_3jTZD3bXtuV0sit,Opt_out,39.0,0.975
Belief,R_3kpn0x75XppwUYn,Opt_in,3.0,0.075
Belief,R_3kpn0x75XppwUYn,Opt_out,37.0,0.925
Belief,R_3lK3wjH7xoMoVRi,Opt_in,15.0,0.375
Belief,R_3lK3wjH7xoMoVRi,Opt_out,25.0,0.625
Belief,R_3lrCfFvxVWVnjUZ,Opt_in,12.0,0.3
Belief,R_3lrCfFvxVWVnjUZ,Opt_out,28.0,0.7
Belief,R_3lsM01qtUjP1X8Q,Opt_in,0.0,0.0
Belief,R_3lsM01qtUjP1X8Q,Opt_out,40.0,1.0
Belief,R_3maqXmDI6ew27UB,Opt_in,40.0,1.0
Belief,R_3maqXmDI6ew27UB,Opt_out,0.0,0.0
Belief,R_3n6pk4LMywreP32,Opt_in,3.0,0.075
Belief,R_3n6pk4LMywreP32,Opt_out,37.0,0.925
Belief,R_3neZFHUbQG7v6Bm,Opt_in,9.0,0.225
Belief,R_3neZFHUbQG7v6Bm,Opt_out,31.0,0.775
Belief,R_3oFUFohfEWD45mu,Opt_in,0.0,0.0
Belief,R_3oFUFohfEWD45mu,Opt_out,40.0,1.0
Belief,R_3oLzXe8ob8sLunB,Opt_in,34.0,0.85
Belief,R_3oLzXe8ob8sLunB,Opt_out,6.0,0.15
Belief,R_3oyzs9ZliYfzRtT,Opt_in,40.0,1.0
Belief,R_3oyzs9ZliYfzRtT,Opt_out,0.0,0.0
Belief,R_3qCmF5sfxxDkWBQ,Opt_in,0.0,0.0
Belief,R_3qCmF5sfxxDkWBQ,Opt_out,40.0,1.0
Belief,R_3qWklMBLY3tMJP4,Opt_in,40.0,1.0
Belief,R_3qWklMBLY3tMJP4,Opt_out,0.0,0.0
Belief,R_3qrPGI5KjGYKsAu,Opt_in,1.0,0.025
Belief,R_3qrPGI5KjGYKsAu,Opt_out,39.0,0.975
Belief,R_3rOHcQaEyDFHxos,Opt_in,40.0,1.0
Belief,R_3rOHcQaEyDFHxos,Opt_out,0.0,0.0
Belief,R_3wJUs985FimHRtv,Opt_in,14.0,0.35
Belief,R_3wJUs985FimHRtv,Opt_out,26.0,0.65
Belief,R_4N1AnhjSxiPf9zH,Opt_in,26.0,0.65
Belief,R_4N1AnhjSxiPf9zH,Opt_out,14.0,0.35
Belief,R_4YKGyWUxVGnXxbX,Opt_in,0.0,0.0
Belief,R_4YKGyWUxVGnXxbX,Opt_out,40.0,1.0
Belief,R_5zn8mSZ36yGR0Ix,Opt_in,1.0,0.025
Belief,R_5zn8mSZ36yGR0Ix,Opt_out,39.0,0.975
Belief,R_6Vh5GTZdENjqQgh,Opt_in,40.0,1.0
Belief,R_6Vh5GTZdENjqQgh,Opt_out,0.0,0.0
Belief,R_6kTIKBArqRKbYrv,Opt_in,40.0,1.0
Belief,R_6kTIKBArqRKbYrv,Opt_out,0.0,0.0
Belief,R_82lRdbMEjU3iqfn,Opt_in,40.0,1.0
Belief,R_82lRdbMEjU3iqfn,Opt_out,0.0,0.0
Belief,R_85GqUhclHxakbOp,Opt_in,40.0,1.0
Belief,R_85GqUhclHxakbOp,Opt_out,0.0,0.0
Belief,R_8hUnymzAUeG5S81,Opt_in,12.0,0.3
Belief,R_8hUnymzAUeG5S81,Opt_out,28.0,0.7
Belief,R_8uetBoMj9VtJjBT,Opt_in,3.0,0.075
Belief,R_8uetBoMj9VtJjBT,Opt_out,37.0,0.925
Belief,R_A0XNUNZF77m6bfz,Opt_in,40.0,1.0
Belief,R_A0XNUNZF77m6bfz,Opt_out,0.0,0.0
Belief,R_AaFzU709JZZbomR,Opt_in,40.0,1.0
Belief,R_AaFzU709JZZbomR,Opt_out,0.0,0.0
Belief,R_AjkfYpR4mKtIZqh,Opt_in,0.0,0.0
Belief,R_AjkfYpR4mKtIZqh,Opt_out,40.0,1.0
Belief,R_ApS6qolzPXldkXv,Opt_in,29.0,0.725
Belief,R_ApS6qolzPXldkXv,Opt_out,11.0,0.275
Belief,R_C8D972m3PH4n1NT,Opt_in,28.0,0.7
Belief,R_C8D972m3PH4n1NT,Opt_out,12.0,0.3
Belief,R_Cabu56vgETr9BCN,Opt_in,40.0,1.0
Belief,R_Cabu56vgETr9BCN,Opt_out,0.0,0.0
Belief,R_CaxruoX96tDfSSZ,Opt_in,40.0,1.0
Belief,R_CaxruoX96tDfSSZ,Opt_out,0.0,0.0
Belief,R_D2zJeAmJZtId8Zz,Opt_in,11.0,0.275
Belief,R_D2zJeAmJZtId8Zz,Opt_out,29.0,0.725
Belief,R_D78omEuOtSAOPTP,Opt_in,4.0,0.1
Belief,R_D78omEuOtSAOPTP,Opt_out,36.0,0.9
Belief,R_DMmIVtlcBGoYUoN,Opt_in,33.0,0.825
Belief,R_DMmIVtlcBGoYUoN,Opt_out,7.0,0.175
Belief,R_DVkLIcNa8lPKCEp,Opt_in,40.0,1.0
Belief,R_DVkLIcNa8lPKCEp,Opt_out,0.0,0.0
Belief,R_DpCzHRbOVBkvpC1,Opt_in,40.0,1.0
Belief,R_DpCzHRbOVBkvpC1,Opt_out,0.0,0.0
Belief,R_Dpe5B7UEmaMLKx3,Opt_in,40.0,1.0
Belief,R_Dpe5B7UEmaMLKx3,Opt_out,0.0,0.0
Belief,R_O26YljobhKV5CLv,Opt_in,12.0,0.3
Belief,R_O26YljobhKV5CLv,Opt_out,28.0,0.7
Belief,R_O2OSYoXWaXLLoeB,Opt_in,2.0,0.05
Belief,R_O2OSYoXWaXLLoeB,Opt_out,38.0,0.95
Belief,R_OB9wdsMH7Qz2TMB,Opt_in,40.0,1.0
Belief,R_OB9wdsMH7Qz2TMB,Opt_out,0.0,0.0
Belief,R_Oj9BtIGek4vYy5P,Opt_in,14.0,0.35
Belief,R_Oj9BtIGek4vYy5P,Opt_out,26.0,0.65
Belief,R_OvAIoZYpRR5wpzP,Opt_in,7.0,0.175
Belief,R_OvAIoZYpRR5wpzP,Opt_out,33.0,0.825
Belief,R_Q4acPDtbhV3mH73,Opt_in,0.0,0.0
Belief,R_Q4acPDtbhV3mH73,Opt_out,40.0,1.0
Belief,R_Qak6XKkoKfWbNo5,Opt_in,11.0,0.275
Belief,R_Qak6XKkoKfWbNo5,Opt_out,29.0,0.725
Belief,R_R4fwpRQ7UvdLOfv,Opt_in,33.0,0.825
Belief,R_R4fwpRQ7UvdLOfv,Opt_out,7.0,0.175
Belief,R_RC7pCOitgfE3uNz,Opt_in,38.0,0.95
Belief,R_RC7pCOitgfE3uNz,Opt_out,2.0,0.05
Belief,R_RVRgkscIfTaznYR,Opt_in,4.0,0.1
Belief,R_RVRgkscIfTaznYR,Opt_out,36.0,0.9
Belief,R_RsokoAdVzHj8ZIl,Opt_in,1.0,0.025
Belief,R_RsokoAdVzHj8ZIl,Opt_out,39.0,0.975
Belief,R_SSMJNlw1FcLnDih,Opt_in,7.0,0.175
Belief,R_SSMJNlw1FcLnDih,Opt_out,33.0,0.825
Belief,R_Td8OgZmJD00ikqR,Opt_in,27.0,0.675
Belief,R_Td8OgZmJD00ikqR,Opt_out,13.0,0.325
Belief,R_UAPMazoTfYFs8sF,Opt_in,0.0,0.0
Belief,R_UAPMazoTfYFs8sF,Opt_out,40.0,1.0
Belief,R_UnXcdofr5kuugxj,Opt_in,28.0,0.7
Belief,R_UnXcdofr5kuugxj,Opt_out,12.0,0.3
Belief,R_W2l1m1NYUM9RmWR,Opt_in,1.0,0.025
Belief,R_W2l1m1NYUM9RmWR,Opt_out,39.0,0.975
Belief,R_XNYW8tg7WdNnEOd,Opt_in,8.0,0.2
Belief,R_XNYW8tg7WdNnEOd,Opt_out,32.0,0.8
Belief,R_Z9nU06xFVcyOged,Opt_in,0.0,0.0
Belief,R_Z9nU06xFVcyOged,Opt_out,40.0,1.0
Belief,R_ZCSkPEMNNyg3MCB,Opt_in,39.0,0.975
Belief,R_ZCSkPEMNNyg3MCB,Opt_out,1.0,0.025
Belief,R_ZvHu6CtibQr5heh,Opt_in,2.0,0.05
Belief,R_ZvHu6CtibQr5heh,Opt_out,38.0,0.95
Belief,R_a2x8QrxEZEJrkZP,Opt_in,40.0,1.0
Belief,R_a2x8QrxEZEJrkZP,Opt_out,0.0,0.0
Belief,R_bDBBWax1rSIjX7X,Opt_in,40.0,1.0
Belief,R_bDBBWax1rSIjX7X,Opt_out,0.0,0.0
Belief,R_bacqZswlgd6gIJH,Opt_in,15.0,0.375
Belief,R_bacqZswlgd6gIJH,Opt_out,25.0,0.625
Belief,R_bxf0is3tI8g324p,Opt_in,40.0,1.0
Belief,R_bxf0is3tI8g324p,Opt_out,0.0,0.0
Belief,R_cHdj4ZVINjek6Gt,Opt_in,38.0,0.95
Belief,R_cHdj4ZVINjek6Gt,Opt_out,2.0,0.05
Belief,R_do3vjhMjlBbI9wJ,Opt_in,12.0,0.3
Belief,R_do3vjhMjlBbI9wJ,Opt_out,28.0,0.7
Belief,R_eet4qhvUduvrwPf,Opt_in,13.0,0.325
Belief,R_eet4qhvUduvrwPf,Opt_out,27.0,0.675
Belief,R_ekQaVCSKvFRRg41,Opt_in,2.0,0.05
Belief,R_ekQaVCSKvFRRg41,Opt_out,38.0,0.95
Belief,R_erhWVFBJDOjmtTX,Opt_in,0.0,0.0
Belief,R_erhWVFBJDOjmtTX,Opt_out,40.0,1.0
Belief,R_esTB4PFHmHgZy5b,Opt_in,20.0,0.5
Belief,R_esTB4PFHmHgZy5b,Opt_out,20.0,0.5
Belief,R_eu2TUlygF4adk9b,Opt_in,14.0,0.35
Belief,R_eu2TUlygF4adk9b,Opt_out,26.0,0.65
Belief,R_oXJgjelS6kgX5dv,Opt_in,12.0,0.3
Belief,R_oXJgjelS6kgX5dv,Opt_out,28.0,0.7
Belief,R_pJGhMiU55Zh1VPr,Opt_in,40.0,1.0
Belief,R_pJGhMiU55Zh1VPr,Opt_out,0.0,0.0
Belief,R_r1qgPk25htXBmLv,Opt_in,40.0,1.0
Belief,R_r1qgPk25htXBmLv,Opt_out,0.0,0.0
Belief,R_riDdrTYjWNsKiFr,Opt_in,40.0,1.0
Belief,R_riDdrTYjWNsKiFr,Opt_out,0.0,0.0
Belief,R_sjPBlMNCaKrxmbn,Opt_in,40.0,1.0
Belief,R_sjPBlMNCaKrxmbn,Opt_out,0.0,0.0
Belief,R_svbEsPanTuhFXhL,Opt_in,12.0,0.3
Belief,R_svbEsPanTuhFXhL,Opt_out,28.0,0.7
Belief,R_tKuyiySyaLAfgsh,Opt_in,13.0,0.325
Belief,R_tKuyiySyaLAfgsh,Opt_out,27.0,0.675
Belief,R_ummlCdj1e5uM1A5,Opt_in,8.0,0.2
Belief,R_ummlCdj1e5uM1A5,Opt_out,32.0,0.8
Belief,R_uq8nzTxO99hWGyZ,Opt_in,40.0,1.0
Belief,R_uq8nzTxO99hWGyZ,Opt_out,0.0,0.0
Belief,R_vlxTRSXShHot2sV,Opt_in,40.0,1.0
Belief,R_vlxTRSXShHot2sV,Opt_out,0.0,0.0
Belief,R_w4qfVpQ9y5sG6DD,Opt_in,22.0,0.55
Belief,R_w4qfVpQ9y5sG6DD,Opt_out,18.0,0.45
Belief,R_wNQYhTANvz5F7Lr,Opt_in,40.0,1.0
Belief,R_wNQYhTANvz5F7Lr,Opt_out,0.0,0.0
Belief,R_wQYozR9YDu9CrUB,Opt_in,0.0,0.0
Belief,R_wQYozR9YDu9CrUB,Opt_out,40.0,1.0
Belief,R_xc1Mc9ZOOWcYUPD,Opt_in,39.0,0.975
Belief,R_xc1Mc9ZOOWcYUPD,Opt_out,1.0,0.025
Belief,R_z1HKNzOCRnFNeoh,Opt_in,24.0,0.6
Belief,R_z1HKNzOCRnFNeoh,Opt_out,16.0,0.4
Belief,R_zSkvZcZXQxVRbBn,Opt_in,29.0,0.725
Belief,R_zSkvZcZXQxVRbBn,Opt_out,11.0,0.275
Share,R_06s4df99trS7irD,Opt_in,0.0,0.0
Share,R_06s4df99trS7irD,Opt_out,40.0,1.0
Share,R_0HuFJJxvmGh8HlL,Opt_in,12.0,0.3
Share,R_0HuFJJxvmGh8HlL,Opt_out,28.0,0.7
Share,R_0OfmcOD7OfArIGt,Opt_in,0.0,0.0
Share,R_0OfmcOD7OfArIGt,Opt_out,40.0,1.0
Share,R_10NRrsfPVGnG0aH,Opt_in,29.0,0.725
Share,R_10NRrsfPVGnG0aH,Opt_out,11.0,0.275
Share,R_10U9oinjOm3MFFV,Opt_in,18.0,0.45
Share,R_10U9oinjOm3MFFV,Opt_out,22.0,0.55
Share,R_12DWy3uYk2hE1OZ,Opt_in,40.0,1.0
Share,R_12DWy3uYk2hE1OZ,Opt_out,0.0,0.0
Share,R_12fCzfqIB98UJhi,Opt_in,10.0,0.25
Share,R_12fCzfqIB98UJhi,Opt_out,30.0,0.75
Share,R_1BWbCFPzSVk78mK,Opt_in,31.0,0.775
Share,R_1BWbCFPzSVk78mK,Opt_out,9.0,0.225
Share,R_1BYhYLviabPG4da,Opt_in,40.0,1.0
Share,R_1BYhYLviabPG4da,Opt_out,0.0,0.0
Share,R_1C1FvCtfwhN6Bjk,Opt_in,40.0,1.0
Share,R_1C1FvCtfwhN6Bjk,Opt_out,0.0,0.0
Share,R_1CkbXnEM3JuHQSn,Opt_in,40.0,1.0
Share,R_1CkbXnEM3JuHQSn,Opt_out,0.0,0.0
Share,R_1DFOMAtppxCQM2E,Opt_in,1.0,0.025
Share,R_1DFOMAtppxCQM2E,Opt_out,39.0,0.975
Share,R_1DG236f8Cd5cekd,Opt_in,0.0,0.0
Share,R_1DG236f8Cd5cekd,Opt_out,40.0,1.0
Share,R_1DMadqaLi1Ll7ze,Opt_in,21.0,0.525
Share,R_1DMadqaLi1Ll7ze,Opt_out,19.0,0.475
Share,R_1E0ZJxHCqKZc027,Opt_in,40.0,1.0
Share,R_1E0ZJxHCqKZc027,Opt_out,0.0,0.0
Share,R_1FJxjBatAaqX48U,Opt_in,40.0,1.0
Share,R_1FJxjBatAaqX48U,Opt_out,0.0,0.0
Share,R_1FqvP3aeUYOhsdm,Opt_in,40.0,1.0
Share,R_1FqvP3aeUYOhsdm,Opt_out,0.0,0.0
Share,R_1H1uQC4bI4dShGa,Opt_in,40.0,1.0
Share,R_1H1uQC4bI4dShGa,Opt_out,0.0,0.0
Share,R_1IoMdraaJgvENmD,Opt_in,17.0,0.425
Share,R_1IoMdraaJgvENmD,Opt_out,23.0,0.575
Share,R_1KpdIzuO6dvLVer,Opt_in,40.0,1.0
Share,R_1KpdIzuO6dvLVer,Opt_out,0.0,0.0
Share,R_1KuSwZEIlDpGNhg,Opt_in,0.0,0.0
Share,R_1KuSwZEIlDpGNhg,Opt_out,40.0,1.0
Share,R_1LiCYQeIXtKmBbt,Opt_in,40.0,1.0
Share,R_1LiCYQeIXtKmBbt,Opt_out,0.0,0.0
Share,R_1M6a1gNMUoqtgKr,Opt_in,40.0,1.0
Share,R_1M6a1gNMUoqtgKr,Opt_out,0.0,0.0
Share,R_1M8pJrwR5pnmuQh,Opt_in,40.0,1.0
Share,R_1M8pJrwR5pnmuQh,Opt_out,0.0,0.0
Share,R_1MKCiTwscCgHhVA,Opt_in,0.0,0.0
Share,R_1MKCiTwscCgHhVA,Opt_out,40.0,1.0
Share,R_1MQK9YsoRgMEfJC,Opt_in,17.0,0.425
Share,R_1MQK9YsoRgMEfJC,Opt_out,23.0,0.575
Share,R_1MQlVOJAOSEoban,Opt_in,37.0,0.925
Share,R_1MQlVOJAOSEoban,Opt_out,3.0,0.075
Share,R_1MXUi7SOWSvXxUq,Opt_in,40.0,1.0
Share,R_1MXUi7SOWSvXxUq,Opt_out,0.0,0.0
Share,R_1NUyPv0JjDoxh5L,Opt_in,40.0,1.0
Share,R_1NUyPv0JjDoxh5L,Opt_out,0.0,0.0
Share,R_1NfF5kmu3K2VQUR,Opt_in,28.0,0.7
Share,R_1NfF5kmu3K2VQUR,Opt_out,12.0,0.3
Share,R_1OBOhQOqsJP89vE,Opt_in,10.0,0.25
Share,R_1OBOhQOqsJP89vE,Opt_out,30.0,0.75
Share,R_1OCEHAji7zdhwpP,Opt_in,15.0,0.375
Share,R_1OCEHAji7zdhwpP,Opt_out,25.0,0.625
Share,R_1OIxHoDwHQwq5xF,Opt_in,6.0,0.15
Share,R_1OIxHoDwHQwq5xF,Opt_out,34.0,0.85
Share,R_1PRVRolu1Rlq1iH,Opt_in,0.0,0.0
Share,R_1PRVRolu1Rlq1iH,Opt_out,40.0,1.0
Share,R_1Qfw1THze0ziNaS,Opt_in,40.0,1.0
Share,R_1Qfw1THze0ziNaS,Opt_out,0.0,0.0
Share,R_1QuwpzgkLxEcBQy,Opt_in,11.0,0.275
Share,R_1QuwpzgkLxEcBQy,Opt_out,29.0,0.725
Share,R_1d0nNedpvMe4oj3,Opt_in,39.0,0.975
Share,R_1d0nNedpvMe4oj3,Opt_out,1.0,0.025
Share,R_1ds0rM8y4HXmHvU,Opt_in,31.0,0.775
Share,R_1ds0rM8y4HXmHvU,Opt_out,9.0,0.225
Share,R_1eV0rRdi8SuqMoS,Opt_in,40.0,1.0
Share,R_1eV0rRdi8SuqMoS,Opt_out,0.0,0.0
Share,R_1et7XUxaeZIBhwu,Opt_in,38.0,0.95
Share,R_1et7XUxaeZIBhwu,Opt_out,2.0,0.05
Share,R_1gIyJiLgI8ADewD,Opt_in,35.0,0.875
Share,R_1gIyJiLgI8ADewD,Opt_out,5.0,0.125
Share,R_1gcCfJU2ESen0vZ,Opt_in,40.0,1.0
Share,R_1gcCfJU2ESen0vZ,Opt_out,0.0,0.0
Share,R_1gjfnMAAyJlCPtH,Opt_in,40.0,1.0
Share,R_1gjfnMAAyJlCPtH,Opt_out,0.0,0.0
Share,R_1gqAFjhOSkwI6p6,Opt_in,40.0,1.0
Share,R_1gqAFjhOSkwI6p6,Opt_out,0.0,0.0
Share,R_1hK19ZCTQFTjYKS,Opt_in,38.0,0.95
Share,R_1hK19ZCTQFTjYKS,Opt_out,2.0,0.05
Share,R_1igpVWddWuexxfq,Opt_in,40.0,1.0
Share,R_1igpVWddWuexxfq,Opt_out,0.0,0.0
Share,R_1ik8DIcTWZc0Taq,Opt_in,40.0,1.0
Share,R_1ik8DIcTWZc0Taq,Opt_out,0.0,0.0
Share,R_1j9Zem4Vin9tblB,Opt_in,40.0,1.0
Share,R_1j9Zem4Vin9tblB,Opt_out,0.0,0.0
Share,R_1jIWXuV1V5rYq9c,Opt_in,0.0,0.0
Share,R_1jIWXuV1V5rYq9c,Opt_out,40.0,1.0
Share,R_1kF7te20YLh9rmA,Opt_in,26.0,0.65
Share,R_1kF7te20YLh9rmA,Opt_out,14.0,0.35
Share,R_1kYAYgVQugmUz13,Opt_in,1.0,0.025
Share,R_1kYAYgVQugmUz13,Opt_out,39.0,0.975
Share,R_1n3bHgr2K722kWY,Opt_in,21.0,0.525
Share,R_1n3bHgr2K722kWY,Opt_out,19.0,0.475
Share,R_1o5X2Zg06ST65RA,Opt_in,40.0,1.0
Share,R_1o5X2Zg06ST65RA,Opt_out,0.0,0.0
Share,R_1o6J8i7OMLPeL2v,Opt_in,5.0,0.125
Share,R_1o6J8i7OMLPeL2v,Opt_out,35.0,0.875
Share,R_1pY97KfPb9lMwFI,Opt_in,40.0,1.0
Share,R_1pY97KfPb9lMwFI,Opt_out,0.0,0.0
Share,R_1q1GzXK8F0DlVHQ,Opt_in,39.0,0.975
Share,R_1q1GzXK8F0DlVHQ,Opt_out,1.0,0.025
Share,R_1q3cVsEj5mXI7qs,Opt_in,0.0,0.0
Share,R_1q3cVsEj5mXI7qs,Opt_out,40.0,1.0
Share,R_1rDMRFxUrYTliYK,Opt_in,10.0,0.25
Share,R_1rDMRFxUrYTliYK,Opt_out,30.0,0.75
Share,R_1rNQXZodaTSiqr3,Opt_in,8.0,0.2
Share,R_1rNQXZodaTSiqr3,Opt_out,32.0,0.8
Share,R_1rcZzMGtLsrlgnO,Opt_in,40.0,1.0
Share,R_1rcZzMGtLsrlgnO,Opt_out,0.0,0.0
Share,R_1rxEoDQFgp6zjGM,Opt_in,0.0,0.0
Share,R_1rxEoDQFgp6zjGM,Opt_out,40.0,1.0
Share,R_20M1wh4cXljKNfz,Opt_in,40.0,1.0
Share,R_20M1wh4cXljKNfz,Opt_out,0.0,0.0
Share,R_21u3jtyKHiDv7bu,Opt_in,0.0,0.0
Share,R_21u3jtyKHiDv7bu,Opt_out,40.0,1.0
Share,R_21yUVfK2I0saoIH,Opt_in,40.0,1.0
Share,R_21yUVfK2I0saoIH,Opt_out,0.0,0.0
Share,R_21zBQ6IyZCBwzAj,Opt_in,6.0,0.15
Share,R_21zBQ6IyZCBwzAj,Opt_out,34.0,0.85
Share,R_22DHAPts0QGGjHB,Opt_in,40.0,1.0
Share,R_22DHAPts0QGGjHB,Opt_out,0.0,0.0
Share,R_22t55TvB4oD5Nfq,Opt_in,40.0,1.0
Share,R_22t55TvB4oD5Nfq,Opt_out,0.0,0.0
Share,R_23TNLeW4UdHFCtI,Opt_in,28.0,0.7
Share,R_23TNLeW4UdHFCtI,Opt_out,12.0,0.3
Share,R_23ggG1VwpQOZ7JZ,Opt_in,18.0,0.45
Share,R_23ggG1VwpQOZ7JZ,Opt_out,22.0,0.55
Share,R_25TjZ7d3PlmfPdo,Opt_in,10.0,0.25
Share,R_25TjZ7d3PlmfPdo,Opt_out,30.0,0.75
Share,R_268A2I64Tu6k8Ru,Opt_in,21.0,0.525
Share,R_268A2I64Tu6k8Ru,Opt_out,19.0,0.475
Share,R_278dDkowd39pclE,Opt_in,10.0,0.25
Share,R_278dDkowd39pclE,Opt_out,30.0,0.75
Share,R_27erEug7UsfQfxg,Opt_in,14.0,0.35
Share,R_27erEug7UsfQfxg,Opt_out,26.0,0.65
Share,R_28YiBs1t6LL4NBy,Opt_in,0.0,0.0
Share,R_28YiBs1t6LL4NBy,Opt_out,40.0,1.0
Share,R_29ubTskiB3ZsYr6,Opt_in,40.0,1.0
Share,R_29ubTskiB3ZsYr6,Opt_out,0.0,0.0
Share,R_2AFJQoX8KtbkMwG,Opt_in,40.0,1.0
Share,R_2AFJQoX8KtbkMwG,Opt_out,0.0,0.0
Share,R_2AHcnRPaasp4x4q,Opt_in,40.0,1.0
Share,R_2AHcnRPaasp4x4q,Opt_out,0.0,0.0
Share,R_2ALJh8r8nLTTHl7,Opt_in,16.0,0.4
Share,R_2ALJh8r8nLTTHl7,Opt_out,24.0,0.6
Share,R_2AM5ACY4viaLEX0,Opt_in,40.0,1.0
Share,R_2AM5ACY4viaLEX0,Opt_out,0.0,0.0
Share,R_2ATGUadHoxeotK6,Opt_in,6.0,0.15
Share,R_2ATGUadHoxeotK6,Opt_out,34.0,0.85
Share,R_2AXsH7bQVDBO5yy,Opt_in,37.0,0.925
Share,R_2AXsH7bQVDBO5yy,Opt_out,3.0,0.075
Share,R_2AZjHqAjKNgaH6Z,Opt_in,10.0,0.25
Share,R_2AZjHqAjKNgaH6Z,Opt_out,30.0,0.75
Share,R_2BmR1yiQmXwnEwt,Opt_in,40.0,1.0
Share,R_2BmR1yiQmXwnEwt,Opt_out,0.0,0.0
Share,R_2BrlRNRrjv9V7Jm,Opt_in,32.0,0.8
Share,R_2BrlRNRrjv9V7Jm,Opt_out,8.0,0.2
Share,R_2Bu1CYffu01I1dz,Opt_in,0.0,0.0
Share,R_2Bu1CYffu01I1dz,Opt_out,40.0,1.0
Share,R_2CVtlpNQCd4TsgJ,Opt_in,34.0,0.85
Share,R_2CVtlpNQCd4TsgJ,Opt_out,6.0,0.15
Share,R_2CvPJuRbfQ939Jv,Opt_in,8.0,0.2
Share,R_2CvPJuRbfQ939Jv,Opt_out,32.0,0.8
Share,R_2DS1Qcnfxc5NrkB,Opt_in,40.0,1.0
Share,R_2DS1Qcnfxc5NrkB,Opt_out,0.0,0.0
Share,R_2EiQl72DOvXD6Ts,Opt_in,6.0,0.15
Share,R_2EiQl72DOvXD6Ts,Opt_out,34.0,0.85
Share,R_2EiW19zFxGD2sva,Opt_in,39.0,0.975
Share,R_2EiW19zFxGD2sva,Opt_out,1.0,0.025
Share,R_2EtQqDtClY3baKp,Opt_in,7.0,0.175
Share,R_2EtQqDtClY3baKp,Opt_out,33.0,0.825
Share,R_2ExT1LBPFDggLvC,Opt_in,27.0,0.675
Share,R_2ExT1LBPFDggLvC,Opt_out,13.0,0.325
Share,R_2EyiVjFazjQIm8a,Opt_in,9.0,0.225
Share,R_2EyiVjFazjQIm8a,Opt_out,31.0,0.775
Share,R_2OVydofVhyy5MkU,Opt_in,0.0,0.0
Share,R_2OVydofVhyy5MkU,Opt_out,40.0,1.0
Share,R_2P6DXhmXhW0mjZA,Opt_in,39.0,0.975
Share,R_2P6DXhmXhW0mjZA,Opt_out,1.0,0.025
Share,R_2P6VjONlR5SZXg5,Opt_in,0.0,0.0
Share,R_2P6VjONlR5SZXg5,Opt_out,40.0,1.0
Share,R_2P83I56OzxqG0O2,Opt_in,40.0,1.0
Share,R_2P83I56OzxqG0O2,Opt_out,0.0,0.0
Share,R_2PBU60LyWrMkIKB,Opt_in,40.0,1.0
Share,R_2PBU60LyWrMkIKB,Opt_out,0.0,0.0
Share,R_2Pkf3QnI8IldLaY,Opt_in,6.0,0.15
Share,R_2Pkf3QnI8IldLaY,Opt_out,34.0,0.85
Share,R_2QY5RIaivxC9zhn,Opt_in,17.0,0.425
Share,R_2QY5RIaivxC9zhn,Opt_out,23.0,0.575
Share,R_2QomWi8NwxTuR3k,Opt_in,40.0,1.0
Share,R_2QomWi8NwxTuR3k,Opt_out,0.0,0.0
Share,R_2QuQ1Qcbapp485u,Opt_in,40.0,1.0
Share,R_2QuQ1Qcbapp485u,Opt_out,0.0,0.0
Share,R_2RR399UCnsMHsSu,Opt_in,12.0,0.3
Share,R_2RR399UCnsMHsSu,Opt_out,28.0,0.7
Share,R_2SucYCAtJnsyHk2,Opt_in,2.0,0.05
Share,R_2SucYCAtJnsyHk2,Opt_out,38.0,0.95
Share,R_2TNm4Bxz6LBBve7,Opt_in,18.0,0.45
Share,R_2TNm4Bxz6LBBve7,Opt_out,22.0,0.55
Share,R_2TOiyXmf3ECTmqD,Opt_in,40.0,1.0
Share,R_2TOiyXmf3ECTmqD,Opt_out,0.0,0.0
Share,R_2U3JNBQt3kWFNUT,Opt_in,40.0,1.0
Share,R_2U3JNBQt3kWFNUT,Opt_out,0.0,0.0
Share,R_2UctEMW1AWw9u8y,Opt_in,32.0,0.8
Share,R_2UctEMW1AWw9u8y,Opt_out,8.0,0.2
Share,R_2V9g3jhhT5cJWus,Opt_in,35.0,0.875
Share,R_2V9g3jhhT5cJWus,Opt_out,5.0,0.125
Share,R_2VCk0Gu0p4RrWt1,Opt_in,40.0,1.0
Share,R_2VCk0Gu0p4RrWt1,Opt_out,0.0,0.0
Share,R_2VEWbFj2q3n17Lg,Opt_in,31.0,0.775
Share,R_2VEWbFj2q3n17Lg,Opt_out,9.0,0.225
Share,R_2VdLropFJxsZ8b6,Opt_in,40.0,1.0
Share,R_2VdLropFJxsZ8b6,Opt_out,0.0,0.0
Share,R_2VscqWnAlz6QpnS,Opt_in,11.0,0.275
Share,R_2VscqWnAlz6QpnS,Opt_out,29.0,0.725
Share,R_2WvV4z50pffjLDn,Opt_in,0.0,0.0
Share,R_2WvV4z50pffjLDn,Opt_out,40.0,1.0
Share,R_2YRnsKN8EXIAEGi,Opt_in,40.0,1.0
Share,R_2YRnsKN8EXIAEGi,Opt_out,0.0,0.0
Share,R_2YzaupPMbO1yTXd,Opt_in,10.0,0.25
Share,R_2YzaupPMbO1yTXd,Opt_out,30.0,0.75
Share,R_2aLlr9aQcI7wS6Z,Opt_in,0.0,0.0
Share,R_2aLlr9aQcI7wS6Z,Opt_out,40.0,1.0
Share,R_2aPH0g03bl2z3af,Opt_in,40.0,1.0
Share,R_2aPH0g03bl2z3af,Opt_out,0.0,0.0
Share,R_2aQ6cQUJYBqPkL9,Opt_in,11.0,0.275
Share,R_2aQ6cQUJYBqPkL9,Opt_out,29.0,0.725
Share,R_2aU1p27PHU9hyjn,Opt_in,39.0,0.975
Share,R_2aU1p27PHU9hyjn,Opt_out,1.0,0.025
Share,R_2b2lLVWfCcZlLj8,Opt_in,19.0,0.475
Share,R_2b2lLVWfCcZlLj8,Opt_out,21.0,0.525
Share,R_2ciRsJQNfxQmDdw,Opt_in,1.0,0.025
Share,R_2ciRsJQNfxQmDdw,Opt_out,39.0,0.975
Share,R_2dS9u2KCrv02VWJ,Opt_in,12.0,0.3
Share,R_2dS9u2KCrv02VWJ,Opt_out,28.0,0.7
Share,R_2dfN656m4d1kQTZ,Opt_in,40.0,1.0
Share,R_2dfN656m4d1kQTZ,Opt_out,0.0,0.0
Share,R_2ebxpex1pa3MzVg,Opt_in,15.0,0.375
Share,R_2ebxpex1pa3MzVg,Opt_out,25.0,0.625
Share,R_2fiCTBU3dABC6Tz,Opt_in,0.0,0.0
Share,R_2fiCTBU3dABC6Tz,Opt_out,40.0,1.0
Share,R_2fyWR80kU4dYY0x,Opt_in,40.0,1.0
Share,R_2fyWR80kU4dYY0x,Opt_out,0.0,0.0
Share,R_2pMneDXRY6DhR0L,Opt_in,40.0,1.0
Share,R_2pMneDXRY6DhR0L,Opt_out,0.0,0.0
Share,R_2q9ilyspotrf7Ay,Opt_in,1.0,0.025
Share,R_2q9ilyspotrf7Ay,Opt_out,39.0,0.975
Share,R_2rGhmXp9xtN4xpp,Opt_in,17.0,0.425
Share,R_2rGhmXp9xtN4xpp,Opt_out,23.0,0.575
Share,R_2riSh5xHMUI38Rp,Opt_in,39.0,0.975
Share,R_2riSh5xHMUI38Rp,Opt_out,1.0,0.025
Share,R_2ru9EmczqBycEk2,Opt_in,26.0,0.65
Share,R_2ru9EmczqBycEk2,Opt_out,14.0,0.35
Share,R_2rvyE03cbSUNQEa,Opt_in,5.0,0.125
Share,R_2rvyE03cbSUNQEa,Opt_out,35.0,0.875
Share,R_2s1MglDnM4Zxdkx,Opt_in,10.0,0.25
Share,R_2s1MglDnM4Zxdkx,Opt_out,30.0,0.75
Share,R_2sTlOU7AxDGC3Wd,Opt_in,38.0,0.95
Share,R_2sTlOU7AxDGC3Wd,Opt_out,2.0,0.05
Share,R_2teV1drd2Qsw1kI,Opt_in,39.0,0.975
Share,R_2teV1drd2Qsw1kI,Opt_out,1.0,0.025
Share,R_2tg6hhjpzrl0au7,Opt_in,21.0,0.525
Share,R_2tg6hhjpzrl0au7,Opt_out,19.0,0.475
Share,R_2tkXPPUoRG6dPWS,Opt_in,40.0,1.0
Share,R_2tkXPPUoRG6dPWS,Opt_out,0.0,0.0
Share,R_2tsuJqYnu7o79lG,Opt_in,15.0,0.375
Share,R_2tsuJqYnu7o79lG,Opt_out,25.0,0.625
Share,R_2v8pXc8PWneJp2H,Opt_in,31.0,0.775
Share,R_2v8pXc8PWneJp2H,Opt_out,9.0,0.225
Share,R_2wFB4zecdhaWCHR,Opt_in,15.0,0.375
Share,R_2wFB4zecdhaWCHR,Opt_out,25.0,0.625
Share,R_2zAX2l2nhM3l90T,Opt_in,40.0,1.0
Share,R_2zAX2l2nhM3l90T,Opt_out,0.0,0.0
Share,R_2zYe4zABLlBGNDf,Opt_in,0.0,0.0
Share,R_2zYe4zABLlBGNDf,Opt_out,40.0,1.0
Share,R_2zZ3M37yOklgtL5,Opt_in,40.0,1.0
Share,R_2zZ3M37yOklgtL5,Opt_out,0.0,0.0
Share,R_30o7e5QpVPes6W6,Opt_in,40.0,1.0
Share,R_30o7e5QpVPes6W6,Opt_out,0.0,0.0
Share,R_31Hhil5he1W4p5R,Opt_in,29.0,0.725
Share,R_31Hhil5he1W4p5R,Opt_out,11.0,0.275
Share,R_31dBFWceuGWaN6B,Opt_in,40.0,1.0
Share,R_31dBFWceuGWaN6B,Opt_out,0.0,0.0
Share,R_31u95LQ3FqxctJN,Opt_in,0.0,0.0
Share,R_31u95LQ3FqxctJN,Opt_out,40.0,1.0
Share,R_33EfsawBNrTM5WX,Opt_in,0.0,0.0
Share,R_33EfsawBNrTM5WX,Opt_out,40.0,1.0
Share,R_33xL6yCDVguFJSU,Opt_in,1.0,0.025
Share,R_33xL6yCDVguFJSU,Opt_out,39.0,0.975
Share,R_3CIV8CFAdXa9dbG,Opt_in,7.0,0.175
Share,R_3CIV8CFAdXa9dbG,Opt_out,33.0,0.825
Share,R_3Dp8u3x2RN0jTXu,Opt_in,40.0,1.0
Share,R_3Dp8u3x2RN0jTXu,Opt_out,0.0,0.0
Share,R_3EfEDqbfkfq6FUR,Opt_in,26.0,0.65
Share,R_3EfEDqbfkfq6FUR,Opt_out,14.0,0.35
Share,R_3EzJaIlhuMIq63z,Opt_in,40.0,1.0
Share,R_3EzJaIlhuMIq63z,Opt_out,0.0,0.0
Share,R_3GeQMSdZSWKy25e,Opt_in,37.0,0.925
Share,R_3GeQMSdZSWKy25e,Opt_out,3.0,0.075
Share,R_3GuZrqwOBhYFNHD,Opt_in,40.0,1.0
Share,R_3GuZrqwOBhYFNHD,Opt_out,0.0,0.0
Share,R_3HBybdlLfqAbUgQ,Opt_in,40.0,1.0
Share,R_3HBybdlLfqAbUgQ,Opt_out,0.0,0.0
Share,R_3HSLqbVcJdpOwbP,Opt_in,40.0,1.0
Share,R_3HSLqbVcJdpOwbP,Opt_out,0.0,0.0
Share,R_3HZj2atVxnqZTUY,Opt_in,8.0,0.2
Share,R_3HZj2atVxnqZTUY,Opt_out,32.0,0.8
Share,R_3I5zcrYKlzZ9eKo,Opt_in,40.0,1.0
Share,R_3I5zcrYKlzZ9eKo,Opt_out,0.0,0.0
Share,R_3ITanW7zwlxxCJZ,Opt_in,24.0,0.6
Share,R_3ITanW7zwlxxCJZ,Opt_out,16.0,0.4
Share,R_3JJmRsPJVXwatwc,Opt_in,23.0,0.575
Share,R_3JJmRsPJVXwatwc,Opt_out,17.0,0.425
Share,R_3JxWl6OoXxSaJTu,Opt_in,8.0,0.2
Share,R_3JxWl6OoXxSaJTu,Opt_out,32.0,0.8
Share,R_3JxblqwH1aBBCBi,Opt_in,33.0,0.825
Share,R_3JxblqwH1aBBCBi,Opt_out,7.0,0.175
Share,R_3L2b39Bry7zOJfx,Opt_in,8.0,0.2
Share,R_3L2b39Bry7zOJfx,Opt_out,32.0,0.8
Share,R_3L7syTtVdtIVerr,Opt_in,20.0,0.5
Share,R_3L7syTtVdtIVerr,Opt_out,20.0,0.5
Share,R_3NI1ei9vpfgtXlA,Opt_in,4.0,0.1
Share,R_3NI1ei9vpfgtXlA,Opt_out,36.0,0.9
Share,R_3NLaJ5mCjX49s77,Opt_in,40.0,1.0
Share,R_3NLaJ5mCjX49s77,Opt_out,0.0,0.0
Share,R_3OcTHVL5l7YvnFZ,Opt_in,24.0,0.6
Share,R_3OcTHVL5l7YvnFZ,Opt_out,16.0,0.4
Share,R_3OoXQhIfHNlGBK4,Opt_in,1.0,0.025
Share,R_3OoXQhIfHNlGBK4,Opt_out,39.0,0.975
Share,R_3PYQfhvuftic2lg,Opt_in,27.0,0.675
Share,R_3PYQfhvuftic2lg,Opt_out,13.0,0.325
Share,R_3PoxfsopZhKmMP3,Opt_in,3.0,0.075
Share,R_3PoxfsopZhKmMP3,Opt_out,37.0,0.925
Share,R_3RpuPpkMzZHn8uL,Opt_in,40.0,1.0
Share,R_3RpuPpkMzZHn8uL,Opt_out,0.0,0.0
Share,R_3RrpKCvnQHQNEU6,Opt_in,40.0,1.0
Share,R_3RrpKCvnQHQNEU6,Opt_out,0.0,0.0
Share,R_3dJI34CatYKslFs,Opt_in,37.0,0.925
Share,R_3dJI34CatYKslFs,Opt_out,3.0,0.075
Share,R_3dX3g9XN7SNMnXe,Opt_in,40.0,1.0
Share,R_3dX3g9XN7SNMnXe,Opt_out,0.0,0.0
Share,R_3dXLU13sCDAuhvm,Opt_in,39.0,0.975
Share,R_3dXLU13sCDAuhvm,Opt_out,1.0,0.025
Share,R_3eqq1IWENrtPN29,Opt_in,0.0,0.0
Share,R_3eqq1IWENrtPN29,Opt_out,40.0,1.0
Share,R_3erze7NbUGRun8y,Opt_in,21.0,0.525
Share,R_3erze7NbUGRun8y,Opt_out,19.0,0.475
Share,R_3ewzs5R0MqrKTTq,Opt_in,40.0,1.0
Share,R_3ewzs5R0MqrKTTq,Opt_out,0.0,0.0
Share,R_3fj9RKev4KObhgV,Opt_in,40.0,1.0
Share,R_3fj9RKev4KObhgV,Opt_out,0.0,0.0
Share,R_3h5RnZ1ow4nUyDC,Opt_in,29.0,0.725
Share,R_3h5RnZ1ow4nUyDC,Opt_out,11.0,0.275
Share,R_3hgspEwxNpgFfm5,Opt_in,12.0,0.3
Share,R_3hgspEwxNpgFfm5,Opt_out,28.0,0.7
Share,R_3hzhGQkbgwJV6jL,Opt_in,27.0,0.675
Share,R_3hzhGQkbgwJV6jL,Opt_out,13.0,0.325
Share,R_3iL3n4BvZyZqn8p,Opt_in,0.0,0.0
Share,R_3iL3n4BvZyZqn8p,Opt_out,40.0,1.0
Share,R_3j8JqMv99PiKL3c,Opt_in,40.0,1.0
Share,R_3j8JqMv99PiKL3c,Opt_out,0.0,0.0
Share,R_3j8xwVJfP4RpgaG,Opt_in,40.0,1.0
Share,R_3j8xwVJfP4RpgaG,Opt_out,0.0,0.0
Share,R_3jT2l1JZaWbQTFp,Opt_in,40.0,1.0
Share,R_3jT2l1JZaWbQTFp,Opt_out,0.0,0.0
Share,R_3jUqMTHE50nsYBe,Opt_in,16.0,0.4
Share,R_3jUqMTHE50nsYBe,Opt_out,24.0,0.6
Share,R_3jUt5zi8srEFjrd,Opt_in,38.0,0.95
Share,R_3jUt5zi8srEFjrd,Opt_out,2.0,0.05
Share,R_3lKfkcYuNbHXomd,Opt_in,4.0,0.1
Share,R_3lKfkcYuNbHXomd,Opt_out,36.0,0.9
Share,R_3mk6k4lPyoVJN6p,Opt_in,16.0,0.4
Share,R_3mk6k4lPyoVJN6p,Opt_out,24.0,0.6
Share,R_3nfpgGIv9a2VHfq,Opt_in,27.0,0.675
Share,R_3nfpgGIv9a2VHfq,Opt_out,13.0,0.325
Share,R_3p5U2M9qa09ehk8,Opt_in,0.0,0.0
Share,R_3p5U2M9qa09ehk8,Opt_out,40.0,1.0
Share,R_3pmNGV5hK0oSyoo,Opt_in,5.0,0.125
Share,R_3pmNGV5hK0oSyoo,Opt_out,35.0,0.875
Share,R_3q9USD0WBAAmldP,Opt_in,12.0,0.3
Share,R_3q9USD0WBAAmldP,Opt_out,28.0,0.7
Share,R_3qOGjfPCeqCsDWh,Opt_in,40.0,1.0
Share,R_3qOGjfPCeqCsDWh,Opt_out,0.0,0.0
Share,R_3sv0eB9TN4hp7xp,Opt_in,0.0,0.0
Share,R_3sv0eB9TN4hp7xp,Opt_out,40.0,1.0
Share,R_4OemKX1ibt5NHJ7,Opt_in,40.0,1.0
Share,R_4OemKX1ibt5NHJ7,Opt_out,0.0,0.0
Share,R_50SOeWNkK6NJGa5,Opt_in,10.0,0.25
Share,R_50SOeWNkK6NJGa5,Opt_out,30.0,0.75
Share,R_6VivGVm4ZGr8cVj,Opt_in,19.0,0.475
Share,R_6VivGVm4ZGr8cVj,Opt_out,21.0,0.525
Share,R_73Zpy40rq2lrCI9,Opt_in,15.0,0.375
Share,R_73Zpy40rq2lrCI9,Opt_out,25.0,0.625
Share,R_7TIsvtZ6yjIghwt,Opt_in,12.0,0.3
Share,R_7TIsvtZ6yjIghwt,Opt_out,28.0,0.7
Share,R_82nfsSb7DhiHwtj,Opt_in,40.0,1.0
Share,R_82nfsSb7DhiHwtj,Opt_out,0.0,0.0
Share,R_8kx2UyWQOhelaw1,Opt_in,0.0,0.0
Share,R_8kx2UyWQOhelaw1,Opt_out,40.0,1.0
Share,R_ALni5r9g1E2OMwN,Opt_in,13.0,0.325
Share,R_ALni5r9g1E2OMwN,Opt_out,27.0,0.675
Share,R_AsoJLxSjis0WYsp,Opt_in,18.0,0.45
Share,R_AsoJLxSjis0WYsp,Opt_out,22.0,0.55
Share,R_BVOahoXztEB3Z2p,Opt_in,5.0,0.125
Share,R_BVOahoXztEB3Z2p,Opt_out,35.0,0.875
Share,R_D7ad1mQbd5A29cB,Opt_in,13.0,0.325
Share,R_D7ad1mQbd5A29cB,Opt_out,27.0,0.675
Share,R_Dl7umRgIMG0EU4F,Opt_in,18.0,0.45
Share,R_Dl7umRgIMG0EU4F,Opt_out,22.0,0.55
Share,R_PtGidoID7SCQNLr,Opt_in,19.0,0.475
Share,R_PtGidoID7SCQNLr,Opt_out,21.0,0.525
Share,R_QgY9Kc8RaNJKpsl,Opt_in,7.0,0.175
Share,R_QgY9Kc8RaNJKpsl,Opt_out,33.0,0.825
Share,R_R3p6tzYYWzAz78J,Opt_in,39.0,0.975
Share,R_R3p6tzYYWzAz78J,Opt_out,1.0,0.025
Share,R_RC9HHd0kz9DEMF3,Opt_in,40.0,1.0
Share,R_RC9HHd0kz9DEMF3,Opt_out,0.0,0.0
Share,R_RI8FsIxyvVyZcuR,Opt_in,12.0,0.3
Share,R_RI8FsIxyvVyZcuR,Opt_out,28.0,0.7
Share,R_RISiXXG4fkkAm7n,Opt_in,31.0,0.775
Share,R_RISiXXG4fkkAm7n,Opt_out,9.0,0.225
Share,R_RwawhU9Jg4XTMUV,Opt_in,7.0,0.175
Share,R_RwawhU9Jg4XTMUV,Opt_out,33.0,0.825
Share,R_UFu5B6AxL1Z7K4p,Opt_in,13.0,0.325
Share,R_UFu5B6AxL1Z7K4p,Opt_out,27.0,0.675
Share,R_UH36vcqaoUOxFbr,Opt_in,0.0,0.0
Share,R_UH36vcqaoUOxFbr,Opt_out,40.0,1.0
Share,R_VJNvDhHHSnB1S5b,Opt_in,40.0,1.0
Share,R_VJNvDhHHSnB1S5b,Opt_out,0.0,0.0
Share,R_VR3aZCVNSDLloA1,Opt_in,40.0,1.0
Share,R_VR3aZCVNSDLloA1,Opt_out,0.0,0.0
Share,R_WdQRnMEhL7e5cC5,Opt_in,40.0,1.0
Share,R_WdQRnMEhL7e5cC5,Opt_out,0.0,0.0
Share,R_WichxdB22JHNZap,Opt_in,4.0,0.1
Share,R_WichxdB22JHNZap,Opt_out,36.0,0.9
Share,R_XGOLQDT1o2Q2ZO1,Opt_in,18.0,0.45
Share,R_XGOLQDT1o2Q2ZO1,Opt_out,22.0,0.55
Share,R_Y4YJpLnImSA2gCt,Opt_in,40.0,1.0
Share,R_Y4YJpLnImSA2gCt,Opt_out,0.0,0.0
Share,R_YPJ0oZiNCkf4iVr,Opt_in,0.0,0.0
Share,R_YPJ0oZiNCkf4iVr,Opt_out,40.0,1.0
Share,R_YS95vtg6viyC7sJ,Opt_in,40.0,1.0
Share,R_YS95vtg6viyC7sJ,Opt_out,0.0,0.0
Share,R_YWV8fPVlfiERNER,Opt_in,40.0,1.0
Share,R_YWV8fPVlfiERNER,Opt_out,0.0,0.0
Share,R_Yb0ZEqC9pqEsrNn,Opt_in,2.0,0.05
Share,R_Yb0ZEqC9pqEsrNn,Opt_out,38.0,0.95
Share,R_Z48Q2eGpWFHNSDL,Opt_in,4.0,0.1
Share,R_Z48Q2eGpWFHNSDL,Opt_out,36.0,0.9
Share,R_a62sd1V656nqN2x,Opt_in,7.0,0.175
Share,R_a62sd1V656nqN2x,Opt_out,33.0,0.825
Share,R_bBhCC47IGMGLOkV,Opt_in,0.0,0.0
Share,R_bBhCC47IGMGLOkV,Opt_out,40.0,1.0
Share,R_bHowuWIDiuGMRhL,Opt_in,5.0,0.125
Share,R_bHowuWIDiuGMRhL,Opt_out,35.0,0.875
Share,R_bI17SnoGOn3F2Rr,Opt_in,40.0,1.0
Share,R_bI17SnoGOn3F2Rr,Opt_out,0.0,0.0
Share,R_bNIMal80fCqFrEd,Opt_in,7.0,0.175
Share,R_bNIMal80fCqFrEd,Opt_out,33.0,0.825
Share,R_bQ2kvVCXZ2cxctj,Opt_in,0.0,0.0
Share,R_bQ2kvVCXZ2cxctj,Opt_out,40.0,1.0
Share,R_beaUavmv8TZZeQF,Opt_in,40.0,1.0
Share,R_beaUavmv8TZZeQF,Opt_out,0.0,0.0
Share,R_bmFsMpmPn7XnKCZ,Opt_in,40.0,1.0
Share,R_bmFsMpmPn7XnKCZ,Opt_out,0.0,0.0
Share,R_brQ6qgXwB2mbaKJ,Opt_in,40.0,1.0
Share,R_brQ6qgXwB2mbaKJ,Opt_out,0.0,0.0
Share,R_cPiD1GHHVhI2uYN,Opt_in,20.0,0.5
Share,R_cPiD1GHHVhI2uYN,Opt_out,20.0,0.5
Share,R_e2H1212tpeorH8Z,Opt_in,40.0,1.0
Share,R_e2H1212tpeorH8Z,Opt_out,0.0,0.0
Share,R_efGXg98mCC6IQwN,Opt_in,29.0,0.725
Share,R_efGXg98mCC6IQwN,Opt_out,11.0,0.275
Share,R_ekVFqygvxmSaYuZ,Opt_in,40.0,1.0
Share,R_ekVFqygvxmSaYuZ,Opt_out,0.0,0.0
Share,R_elmyp0vpTUCVldL,Opt_in,37.0,0.925
Share,R_elmyp0vpTUCVldL,Opt_out,3.0,0.075
Share,R_pg8Rl45IluOwF57,Opt_in,2.0,0.05
Share,R_pg8Rl45IluOwF57,Opt_out,38.0,0.95
Share,R_qFlIlkp5kLdrjeV,Opt_in,33.0,0.825
Share,R_qFlIlkp5kLdrjeV,Opt_out,7.0,0.175
Share,R_r1mv6z8u3rNs0Rr,Opt_in,10.0,0.25
Share,R_r1mv6z8u3rNs0Rr,Opt_out,30.0,0.75
Share,R_sA3DtoqiFcx5Zkd,Opt_in,40.0,1.0
Share,R_sA3DtoqiFcx5Zkd,Opt_out,0.0,0.0
Share,R_sFEojFqZfWvVOLL,Opt_in,29.0,0.725
Share,R_sFEojFqZfWvVOLL,Opt_out,11.0,0.275
Share,R_sG2c0KwrG9APE5z,Opt_in,16.0,0.4
Share,R_sG2c0KwrG9APE5z,Opt_out,24.0,0.6
Share,R_shDXTx9PSMrtLRD,Opt_in,12.0,0.3
Share,R_shDXTx9PSMrtLRD,Opt_out,28.0,0.7
Share,R_t09sCxL22HB21S9,Opt_in,40.0,1.0
Share,R_t09sCxL22HB21S9,Opt_out,0.0,0.0
Share,R_t0CxPCRizdt5Dpf,Opt_in,28.0,0.7
Share,R_t0CxPCRizdt5Dpf,Opt_out,12.0,0.3
Share,R_vUIEi8BEsVLaECJ,Opt_in,40.0,1.0
Share,R_vUIEi8BEsVLaECJ,Opt_out,0.0,0.0
Share,R_vd9epIVV1TIZDxL,Opt_in,40.0,1.0
Share,R_vd9epIVV1TIZDxL,Opt_out,0.0,0.0
Share,R_vdxWaWSWP4WYuoV,Opt_in,40.0,1.0
Share,R_vdxWaWSWP4WYuoV,Opt_out,0.0,0.0
Share,R_vukUKq1BMdUduFz,Opt_in,14.0,0.35
Share,R_vukUKq1BMdUduFz,Opt_out,26.0,0.65
Share,R_wLvVX7fbBDLjPqN,Opt_in,19.0,0.475
Share,R_wLvVX7fbBDLjPqN,Opt_out,21.0,0.525
Share,R_wUfFIUXN0l28ylz,Opt_in,40.0,1.0
Share,R_wUfFIUXN0l28ylz,Opt_out,0.0,0.0
Share,R_x3IxNycKJMQYFy1,Opt_in,40.0,1.0
Share,R_x3IxNycKJMQYFy1,Opt_out,0.0,0.0
Share,R_yF2MYsrMllzEffj,Opt_in,40.0,1.0
Share,R_yF2MYsrMllzEffj,Opt_out,0.0,0.0
Share,R_yPbWlARHqosI0h3,Opt_in,12.0,0.3
Share,R_yPbWlARHqosI0h3,Opt_out,28.0,0.7
Share,R_zUWOCCa5ARAgLFT,Opt_in,0.0,0.0
Share,R_zUWOCCa5ARAgLFT,Opt_out,40.0,1.0
