ResponseId,veracity,option_cond,Group,count,proportion
R_0Hrx74YI9V7oyxH,False,Opt_in,Belief,20.0,1.0
R_0Hrx74YI9V7oyxH,False,Opt_out,Belief,0.0,0.0
R_0Hrx74YI9V7oyxH,True,Opt_in,Belief,20.0,1.0
R_0Hrx74YI9V7oyxH,True,Opt_out,Belief,0.0,0.0
R_0ceMY7BosF4yFEt,False,Opt_in,Belief,7.0,0.35
R_0ceMY7BosF4yFEt,False,Opt_out,Belief,13.0,0.65
R_0ceMY7BosF4yFEt,True,Opt_in,Belief,6.0,0.3
R_0ceMY7BosF4yFEt,True,Opt_out,Belief,14.0,0.7
R_0p23xuWK8kfIOI1,False,Opt_in,Belief,8.0,0.4
R_0p23xuWK8kfIOI1,False,Opt_out,Belief,12.0,0.6
R_0p23xuWK8kfIOI1,True,Opt_in,Belief,9.0,0.45
R_0p23xuWK8kfIOI1,True,Opt_out,Belief,11.0,0.55
R_0vLoFjkLH0gaAsV,False,Opt_in,Belief,0.0,0.0
R_0vLoFjkLH0gaAsV,False,Opt_out,Belief,20.0,1.0
R_0vLoFjkLH0gaAsV,True,Opt_in,Belief,0.0,0.0
R_0vLoFjkLH0gaAsV,True,Opt_out,Belief,20.0,1.0
R_10pi4sTY23HIz4P,False,Opt_in,Belief,2.0,0.1
R_10pi4sTY23HIz4P,False,Opt_out,Belief,18.0,0.9
R_10pi4sTY23HIz4P,True,Opt_in,Belief,10.0,0.5
R_10pi4sTY23HIz4P,True,Opt_out,Belief,10.0,0.5
R_10u9xVH0Egx6755,False,Opt_in,Belief,0.0,0.0
R_10u9xVH0Egx6755,False,Opt_out,Belief,20.0,1.0
R_10u9xVH0Egx6755,True,Opt_in,Belief,0.0,0.0
R_10u9xVH0Egx6755,True,Opt_out,Belief,20.0,1.0
R_125Zkk4hc65bqQR,False,Opt_in,Belief,15.0,0.75
R_125Zkk4hc65bqQR,False,Opt_out,Belief,5.0,0.25
R_125Zkk4hc65bqQR,True,Opt_in,Belief,9.0,0.45
R_125Zkk4hc65bqQR,True,Opt_out,Belief,11.0,0.55
R_1CBIBuAje6hZpOK,False,Opt_in,Belief,20.0,1.0
R_1CBIBuAje6hZpOK,False,Opt_out,Belief,0.0,0.0
R_1CBIBuAje6hZpOK,True,Opt_in,Belief,20.0,1.0
R_1CBIBuAje6hZpOK,True,Opt_out,Belief,0.0,0.0
R_1Ca7fGwfppPm8Cm,False,Opt_in,Belief,15.0,0.75
R_1Ca7fGwfppPm8Cm,False,Opt_out,Belief,5.0,0.25
R_1Ca7fGwfppPm8Cm,True,Opt_in,Belief,16.0,0.8
R_1Ca7fGwfppPm8Cm,True,Opt_out,Belief,4.0,0.2
R_1CvBpl1mMIgRe4m,False,Opt_in,Belief,18.0,0.9
R_1CvBpl1mMIgRe4m,False,Opt_out,Belief,2.0,0.1
R_1CvBpl1mMIgRe4m,True,Opt_in,Belief,19.0,0.95
R_1CvBpl1mMIgRe4m,True,Opt_out,Belief,1.0,0.05
R_1Dw350aE0wDstGV,False,Opt_in,Belief,11.0,0.55
R_1Dw350aE0wDstGV,False,Opt_out,Belief,9.0,0.45
R_1Dw350aE0wDstGV,True,Opt_in,Belief,12.0,0.6
R_1Dw350aE0wDstGV,True,Opt_out,Belief,8.0,0.4
R_1E4KseAVFnrtiTL,False,Opt_in,Belief,1.0,0.05
R_1E4KseAVFnrtiTL,False,Opt_out,Belief,19.0,0.95
R_1E4KseAVFnrtiTL,True,Opt_in,Belief,2.0,0.1
R_1E4KseAVFnrtiTL,True,Opt_out,Belief,18.0,0.9
R_1E4NUVuXGs92kjs,False,Opt_in,Belief,20.0,1.0
R_1E4NUVuXGs92kjs,False,Opt_out,Belief,0.0,0.0
R_1E4NUVuXGs92kjs,True,Opt_in,Belief,20.0,1.0
R_1E4NUVuXGs92kjs,True,Opt_out,Belief,0.0,0.0
R_1FL3s3C52glwreE,False,Opt_in,Belief,12.0,0.6
R_1FL3s3C52glwreE,False,Opt_out,Belief,8.0,0.4
R_1FL3s3C52glwreE,True,Opt_in,Belief,11.0,0.55
R_1FL3s3C52glwreE,True,Opt_out,Belief,9.0,0.45
R_1Fks3fj8fpk2xRu,False,Opt_in,Belief,0.0,0.0
R_1Fks3fj8fpk2xRu,False,Opt_out,Belief,20.0,1.0
R_1Fks3fj8fpk2xRu,True,Opt_in,Belief,1.0,0.05
R_1Fks3fj8fpk2xRu,True,Opt_out,Belief,19.0,0.95
R_1GBt8nuywr6Il2y,False,Opt_in,Belief,7.0,0.35
R_1GBt8nuywr6Il2y,False,Opt_out,Belief,13.0,0.65
R_1GBt8nuywr6Il2y,True,Opt_in,Belief,12.0,0.6
R_1GBt8nuywr6Il2y,True,Opt_out,Belief,8.0,0.4
R_1Id4GumjlIAeWAb,False,Opt_in,Belief,1.0,0.05
R_1Id4GumjlIAeWAb,False,Opt_out,Belief,19.0,0.95
R_1Id4GumjlIAeWAb,True,Opt_in,Belief,1.0,0.05
R_1Id4GumjlIAeWAb,True,Opt_out,Belief,19.0,0.95
R_1IgsYdZYdIhNiC0,False,Opt_in,Belief,20.0,1.0
R_1IgsYdZYdIhNiC0,False,Opt_out,Belief,0.0,0.0
R_1IgsYdZYdIhNiC0,True,Opt_in,Belief,20.0,1.0
R_1IgsYdZYdIhNiC0,True,Opt_out,Belief,0.0,0.0
R_1JX98KzaPOa9SOF,False,Opt_in,Belief,15.0,0.75
R_1JX98KzaPOa9SOF,False,Opt_out,Belief,5.0,0.25
R_1JX98KzaPOa9SOF,True,Opt_in,Belief,11.0,0.55
R_1JX98KzaPOa9SOF,True,Opt_out,Belief,9.0,0.45
R_1K2Yv17rl4Ictuh,False,Opt_in,Belief,20.0,1.0
R_1K2Yv17rl4Ictuh,False,Opt_out,Belief,0.0,0.0
R_1K2Yv17rl4Ictuh,True,Opt_in,Belief,20.0,1.0
R_1K2Yv17rl4Ictuh,True,Opt_out,Belief,0.0,0.0
R_1Kx6nxwJ1l7TVNG,False,Opt_in,Belief,8.0,0.4
R_1Kx6nxwJ1l7TVNG,False,Opt_out,Belief,12.0,0.6
R_1Kx6nxwJ1l7TVNG,True,Opt_in,Belief,10.0,0.5
R_1Kx6nxwJ1l7TVNG,True,Opt_out,Belief,10.0,0.5
R_1LHzJNBhIKuuKmo,False,Opt_in,Belief,0.0,0.0
R_1LHzJNBhIKuuKmo,False,Opt_out,Belief,20.0,1.0
R_1LHzJNBhIKuuKmo,True,Opt_in,Belief,1.0,0.05
R_1LHzJNBhIKuuKmo,True,Opt_out,Belief,19.0,0.95
R_1MSMFB5CA5Ce8mF,False,Opt_in,Belief,2.0,0.1
R_1MSMFB5CA5Ce8mF,False,Opt_out,Belief,18.0,0.9
R_1MSMFB5CA5Ce8mF,True,Opt_in,Belief,0.0,0.0
R_1MSMFB5CA5Ce8mF,True,Opt_out,Belief,20.0,1.0
R_1OJnKIkCO2a23yf,False,Opt_in,Belief,0.0,0.0
R_1OJnKIkCO2a23yf,False,Opt_out,Belief,20.0,1.0
R_1OJnKIkCO2a23yf,True,Opt_in,Belief,1.0,0.05
R_1OJnKIkCO2a23yf,True,Opt_out,Belief,19.0,0.95
R_1OVKBshRci7iKrf,False,Opt_in,Belief,4.0,0.2
R_1OVKBshRci7iKrf,False,Opt_out,Belief,16.0,0.8
R_1OVKBshRci7iKrf,True,Opt_in,Belief,11.0,0.55
R_1OVKBshRci7iKrf,True,Opt_out,Belief,9.0,0.45
R_1Olwl9jIwHz9cNt,False,Opt_in,Belief,20.0,1.0
R_1Olwl9jIwHz9cNt,False,Opt_out,Belief,0.0,0.0
R_1Olwl9jIwHz9cNt,True,Opt_in,Belief,20.0,1.0
R_1Olwl9jIwHz9cNt,True,Opt_out,Belief,0.0,0.0
R_1P0nPSMB4dPX21J,False,Opt_in,Belief,2.0,0.1
R_1P0nPSMB4dPX21J,False,Opt_out,Belief,18.0,0.9
R_1P0nPSMB4dPX21J,True,Opt_in,Belief,0.0,0.0
R_1P0nPSMB4dPX21J,True,Opt_out,Belief,20.0,1.0
R_1PbflGIUqIOkMW4,False,Opt_in,Belief,9.0,0.45
R_1PbflGIUqIOkMW4,False,Opt_out,Belief,11.0,0.55
R_1PbflGIUqIOkMW4,True,Opt_in,Belief,20.0,1.0
R_1PbflGIUqIOkMW4,True,Opt_out,Belief,0.0,0.0
R_1QH2eXidar11uxO,False,Opt_in,Belief,20.0,1.0
R_1QH2eXidar11uxO,False,Opt_out,Belief,0.0,0.0
R_1QH2eXidar11uxO,True,Opt_in,Belief,20.0,1.0
R_1QH2eXidar11uxO,True,Opt_out,Belief,0.0,0.0
R_1QxXnS15WKcsPWu,False,Opt_in,Belief,20.0,1.0
R_1QxXnS15WKcsPWu,False,Opt_out,Belief,0.0,0.0
R_1QxXnS15WKcsPWu,True,Opt_in,Belief,20.0,1.0
R_1QxXnS15WKcsPWu,True,Opt_out,Belief,0.0,0.0
R_1cS7qk4P3kMREqq,False,Opt_in,Belief,1.0,0.05
R_1cS7qk4P3kMREqq,False,Opt_out,Belief,19.0,0.95
R_1cS7qk4P3kMREqq,True,Opt_in,Belief,16.0,0.8
R_1cS7qk4P3kMREqq,True,Opt_out,Belief,4.0,0.2
R_1dizzCypvSOxudP,False,Opt_in,Belief,3.0,0.15
R_1dizzCypvSOxudP,False,Opt_out,Belief,17.0,0.85
R_1dizzCypvSOxudP,True,Opt_in,Belief,4.0,0.2
R_1dizzCypvSOxudP,True,Opt_out,Belief,16.0,0.8
R_1dv1fW3DCTt6blV,False,Opt_in,Belief,12.0,0.6
R_1dv1fW3DCTt6blV,False,Opt_out,Belief,8.0,0.4
R_1dv1fW3DCTt6blV,True,Opt_in,Belief,14.0,0.7
R_1dv1fW3DCTt6blV,True,Opt_out,Belief,6.0,0.3
R_1esHHNIz4M2mhKx,False,Opt_in,Belief,3.0,0.15
R_1esHHNIz4M2mhKx,False,Opt_out,Belief,17.0,0.85
R_1esHHNIz4M2mhKx,True,Opt_in,Belief,1.0,0.05
R_1esHHNIz4M2mhKx,True,Opt_out,Belief,19.0,0.95
R_1exxCK75K38Vc7u,False,Opt_in,Belief,19.0,0.95
R_1exxCK75K38Vc7u,False,Opt_out,Belief,1.0,0.05
R_1exxCK75K38Vc7u,True,Opt_in,Belief,20.0,1.0
R_1exxCK75K38Vc7u,True,Opt_out,Belief,0.0,0.0
R_1f6NoQw58pSbXfo,False,Opt_in,Belief,20.0,1.0
R_1f6NoQw58pSbXfo,False,Opt_out,Belief,0.0,0.0
R_1f6NoQw58pSbXfo,True,Opt_in,Belief,20.0,1.0
R_1f6NoQw58pSbXfo,True,Opt_out,Belief,0.0,0.0
R_1g1mwobRwywJk1Z,False,Opt_in,Belief,0.0,0.0
R_1g1mwobRwywJk1Z,False,Opt_out,Belief,20.0,1.0
R_1g1mwobRwywJk1Z,True,Opt_in,Belief,1.0,0.05
R_1g1mwobRwywJk1Z,True,Opt_out,Belief,19.0,0.95
R_1gpvYtprtdDpZ4g,False,Opt_in,Belief,20.0,1.0
R_1gpvYtprtdDpZ4g,False,Opt_out,Belief,0.0,0.0
R_1gpvYtprtdDpZ4g,True,Opt_in,Belief,20.0,1.0
R_1gpvYtprtdDpZ4g,True,Opt_out,Belief,0.0,0.0
R_1hHkFpTUo103KLI,False,Opt_in,Belief,5.0,0.25
R_1hHkFpTUo103KLI,False,Opt_out,Belief,15.0,0.75
R_1hHkFpTUo103KLI,True,Opt_in,Belief,1.0,0.05
R_1hHkFpTUo103KLI,True,Opt_out,Belief,19.0,0.95
R_1hN2Le9gMwU1RPS,False,Opt_in,Belief,20.0,1.0
R_1hN2Le9gMwU1RPS,False,Opt_out,Belief,0.0,0.0
R_1hN2Le9gMwU1RPS,True,Opt_in,Belief,20.0,1.0
R_1hN2Le9gMwU1RPS,True,Opt_out,Belief,0.0,0.0
R_1j8sjmYEAX7qtwu,False,Opt_in,Belief,4.0,0.2
R_1j8sjmYEAX7qtwu,False,Opt_out,Belief,16.0,0.8
R_1j8sjmYEAX7qtwu,True,Opt_in,Belief,16.0,0.8
R_1j8sjmYEAX7qtwu,True,Opt_out,Belief,4.0,0.2
R_1jK57tJiqWEQn6m,False,Opt_in,Belief,9.0,0.45
R_1jK57tJiqWEQn6m,False,Opt_out,Belief,11.0,0.55
R_1jK57tJiqWEQn6m,True,Opt_in,Belief,15.0,0.75
R_1jK57tJiqWEQn6m,True,Opt_out,Belief,5.0,0.25
R_1ja1IgPAA1HHZhn,False,Opt_in,Belief,20.0,1.0
R_1ja1IgPAA1HHZhn,False,Opt_out,Belief,0.0,0.0
R_1ja1IgPAA1HHZhn,True,Opt_in,Belief,20.0,1.0
R_1ja1IgPAA1HHZhn,True,Opt_out,Belief,0.0,0.0
R_1kId3MeJak1wnrZ,False,Opt_in,Belief,0.0,0.0
R_1kId3MeJak1wnrZ,False,Opt_out,Belief,20.0,1.0
R_1kId3MeJak1wnrZ,True,Opt_in,Belief,0.0,0.0
R_1kId3MeJak1wnrZ,True,Opt_out,Belief,20.0,1.0
R_1kU3WukdCPi95Pn,False,Opt_in,Belief,20.0,1.0
R_1kU3WukdCPi95Pn,False,Opt_out,Belief,0.0,0.0
R_1kU3WukdCPi95Pn,True,Opt_in,Belief,20.0,1.0
R_1kU3WukdCPi95Pn,True,Opt_out,Belief,0.0,0.0
R_1kZen3pb0LfZMGf,False,Opt_in,Belief,6.0,0.3
R_1kZen3pb0LfZMGf,False,Opt_out,Belief,14.0,0.7
R_1kZen3pb0LfZMGf,True,Opt_in,Belief,11.0,0.55
R_1kZen3pb0LfZMGf,True,Opt_out,Belief,9.0,0.45
R_1l49mYfWzKaNsA0,False,Opt_in,Belief,19.0,0.95
R_1l49mYfWzKaNsA0,False,Opt_out,Belief,1.0,0.05
R_1l49mYfWzKaNsA0,True,Opt_in,Belief,20.0,1.0
R_1l49mYfWzKaNsA0,True,Opt_out,Belief,0.0,0.0
R_1lxWm4jEaLNREwX,False,Opt_in,Belief,19.0,0.95
R_1lxWm4jEaLNREwX,False,Opt_out,Belief,1.0,0.05
R_1lxWm4jEaLNREwX,True,Opt_in,Belief,19.0,0.95
R_1lxWm4jEaLNREwX,True,Opt_out,Belief,1.0,0.05
R_1mIQAeLuenPj9oZ,False,Opt_in,Belief,11.0,0.55
R_1mIQAeLuenPj9oZ,False,Opt_out,Belief,9.0,0.45
R_1mIQAeLuenPj9oZ,True,Opt_in,Belief,18.0,0.9
R_1mIQAeLuenPj9oZ,True,Opt_out,Belief,2.0,0.1
R_1mLBAKc7p9iSqqV,False,Opt_in,Belief,20.0,1.0
R_1mLBAKc7p9iSqqV,False,Opt_out,Belief,0.0,0.0
R_1mLBAKc7p9iSqqV,True,Opt_in,Belief,20.0,1.0
R_1mLBAKc7p9iSqqV,True,Opt_out,Belief,0.0,0.0
R_1mgvIVpvc647Jk4,False,Opt_in,Belief,0.0,0.0
R_1mgvIVpvc647Jk4,False,Opt_out,Belief,20.0,1.0
R_1mgvIVpvc647Jk4,True,Opt_in,Belief,0.0,0.0
R_1mgvIVpvc647Jk4,True,Opt_out,Belief,20.0,1.0
R_1n6CxllQaKIozvn,False,Opt_in,Belief,15.0,0.75
R_1n6CxllQaKIozvn,False,Opt_out,Belief,5.0,0.25
R_1n6CxllQaKIozvn,True,Opt_in,Belief,19.0,0.95
R_1n6CxllQaKIozvn,True,Opt_out,Belief,1.0,0.05
R_1o6z5RDkWLBn3yq,False,Opt_in,Belief,20.0,1.0
R_1o6z5RDkWLBn3yq,False,Opt_out,Belief,0.0,0.0
R_1o6z5RDkWLBn3yq,True,Opt_in,Belief,19.0,0.95
R_1o6z5RDkWLBn3yq,True,Opt_out,Belief,1.0,0.05
R_1oBXK5NyraJSkVD,False,Opt_in,Belief,1.0,0.05
R_1oBXK5NyraJSkVD,False,Opt_out,Belief,19.0,0.95
R_1oBXK5NyraJSkVD,True,Opt_in,Belief,4.0,0.2
R_1oBXK5NyraJSkVD,True,Opt_out,Belief,16.0,0.8
R_1pESSMpxtYgMFVm,False,Opt_in,Belief,19.0,0.95
R_1pESSMpxtYgMFVm,False,Opt_out,Belief,1.0,0.05
R_1pESSMpxtYgMFVm,True,Opt_in,Belief,17.0,0.85
R_1pESSMpxtYgMFVm,True,Opt_out,Belief,3.0,0.15
R_1pGKwZrayHtqHXW,False,Opt_in,Belief,7.0,0.35
R_1pGKwZrayHtqHXW,False,Opt_out,Belief,13.0,0.65
R_1pGKwZrayHtqHXW,True,Opt_in,Belief,8.0,0.4
R_1pGKwZrayHtqHXW,True,Opt_out,Belief,12.0,0.6
R_1pWCCUL1VStPV0Y,False,Opt_in,Belief,0.0,0.0
R_1pWCCUL1VStPV0Y,False,Opt_out,Belief,20.0,1.0
R_1pWCCUL1VStPV0Y,True,Opt_in,Belief,0.0,0.0
R_1pWCCUL1VStPV0Y,True,Opt_out,Belief,20.0,1.0
R_1pzZIydf6TbhmU7,False,Opt_in,Belief,20.0,1.0
R_1pzZIydf6TbhmU7,False,Opt_out,Belief,0.0,0.0
R_1pzZIydf6TbhmU7,True,Opt_in,Belief,20.0,1.0
R_1pzZIydf6TbhmU7,True,Opt_out,Belief,0.0,0.0
R_1q7IoZFtg9aVtvi,False,Opt_in,Belief,13.0,0.65
R_1q7IoZFtg9aVtvi,False,Opt_out,Belief,7.0,0.35
R_1q7IoZFtg9aVtvi,True,Opt_in,Belief,15.0,0.75
R_1q7IoZFtg9aVtvi,True,Opt_out,Belief,5.0,0.25
R_1qfjJIuh11jWXMU,False,Opt_in,Belief,6.0,0.3
R_1qfjJIuh11jWXMU,False,Opt_out,Belief,14.0,0.7
R_1qfjJIuh11jWXMU,True,Opt_in,Belief,4.0,0.2
R_1qfjJIuh11jWXMU,True,Opt_out,Belief,16.0,0.8
R_1r1xzgHOMYN33Cc,False,Opt_in,Belief,7.0,0.35
R_1r1xzgHOMYN33Cc,False,Opt_out,Belief,13.0,0.65
R_1r1xzgHOMYN33Cc,True,Opt_in,Belief,6.0,0.3
R_1r1xzgHOMYN33Cc,True,Opt_out,Belief,14.0,0.7
R_1rOobqEZjcSGGQe,False,Opt_in,Belief,12.0,0.6
R_1rOobqEZjcSGGQe,False,Opt_out,Belief,8.0,0.4
R_1rOobqEZjcSGGQe,True,Opt_in,Belief,14.0,0.7
R_1rOobqEZjcSGGQe,True,Opt_out,Belief,6.0,0.3
R_1reQfT0xLikq0Nr,False,Opt_in,Belief,20.0,1.0
R_1reQfT0xLikq0Nr,False,Opt_out,Belief,0.0,0.0
R_1reQfT0xLikq0Nr,True,Opt_in,Belief,20.0,1.0
R_1reQfT0xLikq0Nr,True,Opt_out,Belief,0.0,0.0
R_1ruhr1eff0JPhin,False,Opt_in,Belief,13.0,0.65
R_1ruhr1eff0JPhin,False,Opt_out,Belief,7.0,0.35
R_1ruhr1eff0JPhin,True,Opt_in,Belief,9.0,0.45
R_1ruhr1eff0JPhin,True,Opt_out,Belief,11.0,0.55
R_21ziIji9eWs5Mql,False,Opt_in,Belief,0.0,0.0
R_21ziIji9eWs5Mql,False,Opt_out,Belief,20.0,1.0
R_21ziIji9eWs5Mql,True,Opt_in,Belief,0.0,0.0
R_21ziIji9eWs5Mql,True,Opt_out,Belief,20.0,1.0
R_22J3RZPmBmAjJeN,False,Opt_in,Belief,5.0,0.25
R_22J3RZPmBmAjJeN,False,Opt_out,Belief,15.0,0.75
R_22J3RZPmBmAjJeN,True,Opt_in,Belief,5.0,0.25
R_22J3RZPmBmAjJeN,True,Opt_out,Belief,15.0,0.75
R_23dj3VKXQfPQZGW,False,Opt_in,Belief,20.0,1.0
R_23dj3VKXQfPQZGW,False,Opt_out,Belief,0.0,0.0
R_23dj3VKXQfPQZGW,True,Opt_in,Belief,20.0,1.0
R_23dj3VKXQfPQZGW,True,Opt_out,Belief,0.0,0.0
R_24c3shBC6jxK1bj,False,Opt_in,Belief,11.0,0.55
R_24c3shBC6jxK1bj,False,Opt_out,Belief,9.0,0.45
R_24c3shBC6jxK1bj,True,Opt_in,Belief,19.0,0.95
R_24c3shBC6jxK1bj,True,Opt_out,Belief,1.0,0.05
R_25F76HqwA67K92C,False,Opt_in,Belief,8.0,0.4
R_25F76HqwA67K92C,False,Opt_out,Belief,12.0,0.6
R_25F76HqwA67K92C,True,Opt_in,Belief,12.0,0.6
R_25F76HqwA67K92C,True,Opt_out,Belief,8.0,0.4
R_26akkx92lJZdMDm,False,Opt_in,Belief,5.0,0.25
R_26akkx92lJZdMDm,False,Opt_out,Belief,15.0,0.75
R_26akkx92lJZdMDm,True,Opt_in,Belief,11.0,0.55
R_26akkx92lJZdMDm,True,Opt_out,Belief,9.0,0.45
R_26o2yZNN6ix0aTL,False,Opt_in,Belief,0.0,0.0
R_26o2yZNN6ix0aTL,False,Opt_out,Belief,20.0,1.0
R_26o2yZNN6ix0aTL,True,Opt_in,Belief,0.0,0.0
R_26o2yZNN6ix0aTL,True,Opt_out,Belief,20.0,1.0
R_270R80fiV1DYYcY,False,Opt_in,Belief,20.0,1.0
R_270R80fiV1DYYcY,False,Opt_out,Belief,0.0,0.0
R_270R80fiV1DYYcY,True,Opt_in,Belief,20.0,1.0
R_270R80fiV1DYYcY,True,Opt_out,Belief,0.0,0.0
R_27PxVn6Ygj14SL2,False,Opt_in,Belief,5.0,0.25
R_27PxVn6Ygj14SL2,False,Opt_out,Belief,15.0,0.75
R_27PxVn6Ygj14SL2,True,Opt_in,Belief,3.0,0.15
R_27PxVn6Ygj14SL2,True,Opt_out,Belief,17.0,0.85
R_27TfDetepAKj3YU,False,Opt_in,Belief,3.0,0.15
R_27TfDetepAKj3YU,False,Opt_out,Belief,17.0,0.85
R_27TfDetepAKj3YU,True,Opt_in,Belief,13.0,0.65
R_27TfDetepAKj3YU,True,Opt_out,Belief,7.0,0.35
R_28B7Ztdg0TtWrzo,False,Opt_in,Belief,16.0,0.8
R_28B7Ztdg0TtWrzo,False,Opt_out,Belief,4.0,0.2
R_28B7Ztdg0TtWrzo,True,Opt_in,Belief,15.0,0.75
R_28B7Ztdg0TtWrzo,True,Opt_out,Belief,5.0,0.25
R_28PckIflcvaJS7f,False,Opt_in,Belief,0.0,0.0
R_28PckIflcvaJS7f,False,Opt_out,Belief,20.0,1.0
R_28PckIflcvaJS7f,True,Opt_in,Belief,0.0,0.0
R_28PckIflcvaJS7f,True,Opt_out,Belief,20.0,1.0
R_28TGJlOAyUuTVDN,False,Opt_in,Belief,3.0,0.15
R_28TGJlOAyUuTVDN,False,Opt_out,Belief,17.0,0.85
R_28TGJlOAyUuTVDN,True,Opt_in,Belief,8.0,0.4
R_28TGJlOAyUuTVDN,True,Opt_out,Belief,12.0,0.6
R_2AWHX8FEHnCqOz9,False,Opt_in,Belief,0.0,0.0
R_2AWHX8FEHnCqOz9,False,Opt_out,Belief,20.0,1.0
R_2AWHX8FEHnCqOz9,True,Opt_in,Belief,0.0,0.0
R_2AWHX8FEHnCqOz9,True,Opt_out,Belief,20.0,1.0
R_2CJ1QVTNfzlF9NA,False,Opt_in,Belief,3.0,0.15
R_2CJ1QVTNfzlF9NA,False,Opt_out,Belief,17.0,0.85
R_2CJ1QVTNfzlF9NA,True,Opt_in,Belief,9.0,0.45
R_2CJ1QVTNfzlF9NA,True,Opt_out,Belief,11.0,0.55
R_2CZcD1TtZI1BvMk,False,Opt_in,Belief,4.0,0.2
R_2CZcD1TtZI1BvMk,False,Opt_out,Belief,16.0,0.8
R_2CZcD1TtZI1BvMk,True,Opt_in,Belief,7.0,0.35
R_2CZcD1TtZI1BvMk,True,Opt_out,Belief,13.0,0.65
R_2EbAV2g35pu60Yt,False,Opt_in,Belief,1.0,0.05
R_2EbAV2g35pu60Yt,False,Opt_out,Belief,19.0,0.95
R_2EbAV2g35pu60Yt,True,Opt_in,Belief,1.0,0.05
R_2EbAV2g35pu60Yt,True,Opt_out,Belief,19.0,0.95
R_2OME0CSeyPGylay,False,Opt_in,Belief,4.0,0.2
R_2OME0CSeyPGylay,False,Opt_out,Belief,16.0,0.8
R_2OME0CSeyPGylay,True,Opt_in,Belief,12.0,0.6
R_2OME0CSeyPGylay,True,Opt_out,Belief,8.0,0.4
R_2OPUcwwDq1YxTTT,False,Opt_in,Belief,4.0,0.2
R_2OPUcwwDq1YxTTT,False,Opt_out,Belief,16.0,0.8
R_2OPUcwwDq1YxTTT,True,Opt_in,Belief,2.0,0.1
R_2OPUcwwDq1YxTTT,True,Opt_out,Belief,18.0,0.9
R_2OU3xL2muqOxf2e,False,Opt_in,Belief,0.0,0.0
R_2OU3xL2muqOxf2e,False,Opt_out,Belief,20.0,1.0
R_2OU3xL2muqOxf2e,True,Opt_in,Belief,0.0,0.0
R_2OU3xL2muqOxf2e,True,Opt_out,Belief,20.0,1.0
R_2PBQIU1f5ZbQpQA,False,Opt_in,Belief,3.0,0.15
R_2PBQIU1f5ZbQpQA,False,Opt_out,Belief,17.0,0.85
R_2PBQIU1f5ZbQpQA,True,Opt_in,Belief,7.0,0.35
R_2PBQIU1f5ZbQpQA,True,Opt_out,Belief,13.0,0.65
R_2PBz9EUipEuFVZg,False,Opt_in,Belief,5.0,0.25
R_2PBz9EUipEuFVZg,False,Opt_out,Belief,15.0,0.75
R_2PBz9EUipEuFVZg,True,Opt_in,Belief,4.0,0.2
R_2PBz9EUipEuFVZg,True,Opt_out,Belief,16.0,0.8
R_2Pn9idhzEcefndQ,False,Opt_in,Belief,2.0,0.1
R_2Pn9idhzEcefndQ,False,Opt_out,Belief,18.0,0.9
R_2Pn9idhzEcefndQ,True,Opt_in,Belief,2.0,0.1
R_2Pn9idhzEcefndQ,True,Opt_out,Belief,18.0,0.9
R_2QAoW783wxrTjPo,False,Opt_in,Belief,18.0,0.9
R_2QAoW783wxrTjPo,False,Opt_out,Belief,2.0,0.1
R_2QAoW783wxrTjPo,True,Opt_in,Belief,19.0,0.95
R_2QAoW783wxrTjPo,True,Opt_out,Belief,1.0,0.05
R_2QQmo60UEB3j9VI,False,Opt_in,Belief,20.0,1.0
R_2QQmo60UEB3j9VI,False,Opt_out,Belief,0.0,0.0
R_2QQmo60UEB3j9VI,True,Opt_in,Belief,20.0,1.0
R_2QQmo60UEB3j9VI,True,Opt_out,Belief,0.0,0.0
R_2Qf8EbA2TJTLAgr,False,Opt_in,Belief,20.0,1.0
R_2Qf8EbA2TJTLAgr,False,Opt_out,Belief,0.0,0.0
R_2Qf8EbA2TJTLAgr,True,Opt_in,Belief,20.0,1.0
R_2Qf8EbA2TJTLAgr,True,Opt_out,Belief,0.0,0.0
R_2QnY9gOc7mHPaoU,False,Opt_in,Belief,3.0,0.15
R_2QnY9gOc7mHPaoU,False,Opt_out,Belief,17.0,0.85
R_2QnY9gOc7mHPaoU,True,Opt_in,Belief,6.0,0.3
R_2QnY9gOc7mHPaoU,True,Opt_out,Belief,14.0,0.7
R_2QtRsOVx6l5mUK2,False,Opt_in,Belief,6.0,0.3
R_2QtRsOVx6l5mUK2,False,Opt_out,Belief,14.0,0.7
R_2QtRsOVx6l5mUK2,True,Opt_in,Belief,5.0,0.25
R_2QtRsOVx6l5mUK2,True,Opt_out,Belief,15.0,0.75
R_2R9UwbkjrRUzeNh,False,Opt_in,Belief,2.0,0.1
R_2R9UwbkjrRUzeNh,False,Opt_out,Belief,18.0,0.9
R_2R9UwbkjrRUzeNh,True,Opt_in,Belief,6.0,0.3
R_2R9UwbkjrRUzeNh,True,Opt_out,Belief,14.0,0.7
R_2SeQ6iTEX2PPqK7,False,Opt_in,Belief,20.0,1.0
R_2SeQ6iTEX2PPqK7,False,Opt_out,Belief,0.0,0.0
R_2SeQ6iTEX2PPqK7,True,Opt_in,Belief,20.0,1.0
R_2SeQ6iTEX2PPqK7,True,Opt_out,Belief,0.0,0.0
R_2TFZBp22jpYH5Ch,False,Opt_in,Belief,6.0,0.3
R_2TFZBp22jpYH5Ch,False,Opt_out,Belief,14.0,0.7
R_2TFZBp22jpYH5Ch,True,Opt_in,Belief,10.0,0.5
R_2TFZBp22jpYH5Ch,True,Opt_out,Belief,10.0,0.5
R_2TpcNNBhPtuUyGe,False,Opt_in,Belief,10.0,0.5
R_2TpcNNBhPtuUyGe,False,Opt_out,Belief,10.0,0.5
R_2TpcNNBhPtuUyGe,True,Opt_in,Belief,16.0,0.8
R_2TpcNNBhPtuUyGe,True,Opt_out,Belief,4.0,0.2
R_2VDxWNg3F9AUER4,False,Opt_in,Belief,20.0,1.0
R_2VDxWNg3F9AUER4,False,Opt_out,Belief,0.0,0.0
R_2VDxWNg3F9AUER4,True,Opt_in,Belief,20.0,1.0
R_2VDxWNg3F9AUER4,True,Opt_out,Belief,0.0,0.0
R_2VKC4QZpqH7ZmUD,False,Opt_in,Belief,20.0,1.0
R_2VKC4QZpqH7ZmUD,False,Opt_out,Belief,0.0,0.0
R_2VKC4QZpqH7ZmUD,True,Opt_in,Belief,20.0,1.0
R_2VKC4QZpqH7ZmUD,True,Opt_out,Belief,0.0,0.0
R_2Vkz2o3fESa9Ozf,False,Opt_in,Belief,20.0,1.0
R_2Vkz2o3fESa9Ozf,False,Opt_out,Belief,0.0,0.0
R_2Vkz2o3fESa9Ozf,True,Opt_in,Belief,20.0,1.0
R_2Vkz2o3fESa9Ozf,True,Opt_out,Belief,0.0,0.0
R_2VrRn0L6sHYCP0y,False,Opt_in,Belief,20.0,1.0
R_2VrRn0L6sHYCP0y,False,Opt_out,Belief,0.0,0.0
R_2VrRn0L6sHYCP0y,True,Opt_in,Belief,20.0,1.0
R_2VrRn0L6sHYCP0y,True,Opt_out,Belief,0.0,0.0
R_2VsHc5QEZaxrvqe,False,Opt_in,Belief,2.0,0.1
R_2VsHc5QEZaxrvqe,False,Opt_out,Belief,18.0,0.9
R_2VsHc5QEZaxrvqe,True,Opt_in,Belief,1.0,0.05
R_2VsHc5QEZaxrvqe,True,Opt_out,Belief,19.0,0.95
R_2WMzn11ueTOGpE6,False,Opt_in,Belief,6.0,0.3
R_2WMzn11ueTOGpE6,False,Opt_out,Belief,14.0,0.7
R_2WMzn11ueTOGpE6,True,Opt_in,Belief,7.0,0.35
R_2WMzn11ueTOGpE6,True,Opt_out,Belief,13.0,0.65
R_2Xal58EDcO8LnEK,False,Opt_in,Belief,20.0,1.0
R_2Xal58EDcO8LnEK,False,Opt_out,Belief,0.0,0.0
R_2Xal58EDcO8LnEK,True,Opt_in,Belief,20.0,1.0
R_2Xal58EDcO8LnEK,True,Opt_out,Belief,0.0,0.0
R_2YPKbXZTdOA1OHb,False,Opt_in,Belief,0.0,0.0
R_2YPKbXZTdOA1OHb,False,Opt_out,Belief,20.0,1.0
R_2YPKbXZTdOA1OHb,True,Opt_in,Belief,1.0,0.05
R_2YPKbXZTdOA1OHb,True,Opt_out,Belief,19.0,0.95
R_2YQYGi8tgnBrpaK,False,Opt_in,Belief,20.0,1.0
R_2YQYGi8tgnBrpaK,False,Opt_out,Belief,0.0,0.0
R_2YQYGi8tgnBrpaK,True,Opt_in,Belief,20.0,1.0
R_2YQYGi8tgnBrpaK,True,Opt_out,Belief,0.0,0.0
R_2ZIFZDiQppM8wEv,False,Opt_in,Belief,3.0,0.15
R_2ZIFZDiQppM8wEv,False,Opt_out,Belief,17.0,0.85
R_2ZIFZDiQppM8wEv,True,Opt_in,Belief,13.0,0.65
R_2ZIFZDiQppM8wEv,True,Opt_out,Belief,7.0,0.35
R_2aQWAqpbQ0D2j5n,False,Opt_in,Belief,20.0,1.0
R_2aQWAqpbQ0D2j5n,False,Opt_out,Belief,0.0,0.0
R_2aQWAqpbQ0D2j5n,True,Opt_in,Belief,20.0,1.0
R_2aQWAqpbQ0D2j5n,True,Opt_out,Belief,0.0,0.0
R_2aUH28QxXHF2H2i,False,Opt_in,Belief,20.0,1.0
R_2aUH28QxXHF2H2i,False,Opt_out,Belief,0.0,0.0
R_2aUH28QxXHF2H2i,True,Opt_in,Belief,20.0,1.0
R_2aUH28QxXHF2H2i,True,Opt_out,Belief,0.0,0.0
R_2aazsEpJCFiugG5,False,Opt_in,Belief,3.0,0.15
R_2aazsEpJCFiugG5,False,Opt_out,Belief,17.0,0.85
R_2aazsEpJCFiugG5,True,Opt_in,Belief,3.0,0.15
R_2aazsEpJCFiugG5,True,Opt_out,Belief,17.0,0.85
R_2awuILLcu3tCwwD,False,Opt_in,Belief,20.0,1.0
R_2awuILLcu3tCwwD,False,Opt_out,Belief,0.0,0.0
R_2awuILLcu3tCwwD,True,Opt_in,Belief,20.0,1.0
R_2awuILLcu3tCwwD,True,Opt_out,Belief,0.0,0.0
R_2bOdzxHQ2UfWTfW,False,Opt_in,Belief,20.0,1.0
R_2bOdzxHQ2UfWTfW,False,Opt_out,Belief,0.0,0.0
R_2bOdzxHQ2UfWTfW,True,Opt_in,Belief,20.0,1.0
R_2bOdzxHQ2UfWTfW,True,Opt_out,Belief,0.0,0.0
R_2bTMaaYRAbf1PzH,False,Opt_in,Belief,20.0,1.0
R_2bTMaaYRAbf1PzH,False,Opt_out,Belief,0.0,0.0
R_2bTMaaYRAbf1PzH,True,Opt_in,Belief,20.0,1.0
R_2bTMaaYRAbf1PzH,True,Opt_out,Belief,0.0,0.0
R_2ceB3SdLH1cW9PS,False,Opt_in,Belief,0.0,0.0
R_2ceB3SdLH1cW9PS,False,Opt_out,Belief,20.0,1.0
R_2ceB3SdLH1cW9PS,True,Opt_in,Belief,1.0,0.05
R_2ceB3SdLH1cW9PS,True,Opt_out,Belief,19.0,0.95
R_2cq2UstkKHdJTo3,False,Opt_in,Belief,4.0,0.2
R_2cq2UstkKHdJTo3,False,Opt_out,Belief,16.0,0.8
R_2cq2UstkKHdJTo3,True,Opt_in,Belief,3.0,0.15
R_2cq2UstkKHdJTo3,True,Opt_out,Belief,17.0,0.85
R_2dgzeTXJQPblSGs,False,Opt_in,Belief,20.0,1.0
R_2dgzeTXJQPblSGs,False,Opt_out,Belief,0.0,0.0
R_2dgzeTXJQPblSGs,True,Opt_in,Belief,20.0,1.0
R_2dgzeTXJQPblSGs,True,Opt_out,Belief,0.0,0.0
R_2fImfNkls9Wn2AU,False,Opt_in,Belief,4.0,0.2
R_2fImfNkls9Wn2AU,False,Opt_out,Belief,16.0,0.8
R_2fImfNkls9Wn2AU,True,Opt_in,Belief,8.0,0.4
R_2fImfNkls9Wn2AU,True,Opt_out,Belief,12.0,0.6
R_2fvSXNW4vJApYxB,False,Opt_in,Belief,3.0,0.15
R_2fvSXNW4vJApYxB,False,Opt_out,Belief,17.0,0.85
R_2fvSXNW4vJApYxB,True,Opt_in,Belief,0.0,0.0
R_2fvSXNW4vJApYxB,True,Opt_out,Belief,20.0,1.0
R_2qn6Ye9j0TIyAF6,False,Opt_in,Belief,12.0,0.6
R_2qn6Ye9j0TIyAF6,False,Opt_out,Belief,8.0,0.4
R_2qn6Ye9j0TIyAF6,True,Opt_in,Belief,13.0,0.65
R_2qn6Ye9j0TIyAF6,True,Opt_out,Belief,7.0,0.35
R_2tgjP5olEAspXiV,False,Opt_in,Belief,19.0,0.95
R_2tgjP5olEAspXiV,False,Opt_out,Belief,1.0,0.05
R_2tgjP5olEAspXiV,True,Opt_in,Belief,18.0,0.9
R_2tgjP5olEAspXiV,True,Opt_out,Belief,2.0,0.1
R_2txs7UDOYfBdQGP,False,Opt_in,Belief,20.0,1.0
R_2txs7UDOYfBdQGP,False,Opt_out,Belief,0.0,0.0
R_2txs7UDOYfBdQGP,True,Opt_in,Belief,20.0,1.0
R_2txs7UDOYfBdQGP,True,Opt_out,Belief,0.0,0.0
R_2uVaaRcIgMZO2eb,False,Opt_in,Belief,20.0,1.0
R_2uVaaRcIgMZO2eb,False,Opt_out,Belief,0.0,0.0
R_2uVaaRcIgMZO2eb,True,Opt_in,Belief,19.0,0.95
R_2uVaaRcIgMZO2eb,True,Opt_out,Belief,1.0,0.05
R_2wHOzVDZFTBN8ln,False,Opt_in,Belief,16.0,0.8
R_2wHOzVDZFTBN8ln,False,Opt_out,Belief,4.0,0.2
R_2wHOzVDZFTBN8ln,True,Opt_in,Belief,20.0,1.0
R_2wHOzVDZFTBN8ln,True,Opt_out,Belief,0.0,0.0
R_2wMK6ofDfHzrKjg,False,Opt_in,Belief,18.0,0.9
R_2wMK6ofDfHzrKjg,False,Opt_out,Belief,2.0,0.1
R_2wMK6ofDfHzrKjg,True,Opt_in,Belief,20.0,1.0
R_2wMK6ofDfHzrKjg,True,Opt_out,Belief,0.0,0.0
R_2wauDV8SPCdMGnF,False,Opt_in,Belief,4.0,0.2
R_2wauDV8SPCdMGnF,False,Opt_out,Belief,16.0,0.8
R_2wauDV8SPCdMGnF,True,Opt_in,Belief,8.0,0.4
R_2wauDV8SPCdMGnF,True,Opt_out,Belief,12.0,0.6
R_2wdAxZSyF5eJDSx,False,Opt_in,Belief,1.0,0.05
R_2wdAxZSyF5eJDSx,False,Opt_out,Belief,19.0,0.95
R_2wdAxZSyF5eJDSx,True,Opt_in,Belief,2.0,0.1
R_2wdAxZSyF5eJDSx,True,Opt_out,Belief,18.0,0.9
R_2wt0fSFnsFpohJU,False,Opt_in,Belief,9.0,0.45
R_2wt0fSFnsFpohJU,False,Opt_out,Belief,11.0,0.55
R_2wt0fSFnsFpohJU,True,Opt_in,Belief,19.0,0.95
R_2wt0fSFnsFpohJU,True,Opt_out,Belief,1.0,0.05
R_2ydyyN35AsYgDnA,False,Opt_in,Belief,19.0,0.95
R_2ydyyN35AsYgDnA,False,Opt_out,Belief,1.0,0.05
R_2ydyyN35AsYgDnA,True,Opt_in,Belief,19.0,0.95
R_2ydyyN35AsYgDnA,True,Opt_out,Belief,1.0,0.05
R_2z7ItdYCz7tLcHz,False,Opt_in,Belief,0.0,0.0
R_2z7ItdYCz7tLcHz,False,Opt_out,Belief,20.0,1.0
R_2z7ItdYCz7tLcHz,True,Opt_in,Belief,0.0,0.0
R_2z7ItdYCz7tLcHz,True,Opt_out,Belief,20.0,1.0
R_2zMAgK5qXDW0uqc,False,Opt_in,Belief,10.0,0.5
R_2zMAgK5qXDW0uqc,False,Opt_out,Belief,10.0,0.5
R_2zMAgK5qXDW0uqc,True,Opt_in,Belief,7.0,0.35
R_2zMAgK5qXDW0uqc,True,Opt_out,Belief,13.0,0.65
R_2zO6CwLdeqrIppN,False,Opt_in,Belief,0.0,0.0
R_2zO6CwLdeqrIppN,False,Opt_out,Belief,20.0,1.0
R_2zO6CwLdeqrIppN,True,Opt_in,Belief,0.0,0.0
R_2zO6CwLdeqrIppN,True,Opt_out,Belief,20.0,1.0
R_2zjcGiBKLWsO0c2,False,Opt_in,Belief,16.0,0.8
R_2zjcGiBKLWsO0c2,False,Opt_out,Belief,4.0,0.2
R_2zjcGiBKLWsO0c2,True,Opt_in,Belief,20.0,1.0
R_2zjcGiBKLWsO0c2,True,Opt_out,Belief,0.0,0.0
R_30148g8wZGSHOob,False,Opt_in,Belief,4.0,0.2
R_30148g8wZGSHOob,False,Opt_out,Belief,16.0,0.8
R_30148g8wZGSHOob,True,Opt_in,Belief,7.0,0.35
R_30148g8wZGSHOob,True,Opt_out,Belief,13.0,0.65
R_302lCSN7AXqVVlA,False,Opt_in,Belief,0.0,0.0
R_302lCSN7AXqVVlA,False,Opt_out,Belief,20.0,1.0
R_302lCSN7AXqVVlA,True,Opt_in,Belief,7.0,0.35
R_302lCSN7AXqVVlA,True,Opt_out,Belief,13.0,0.65
R_308mB08FyjHLWeb,False,Opt_in,Belief,2.0,0.1
R_308mB08FyjHLWeb,False,Opt_out,Belief,18.0,0.9
R_308mB08FyjHLWeb,True,Opt_in,Belief,7.0,0.35
R_308mB08FyjHLWeb,True,Opt_out,Belief,13.0,0.65
R_30ja7qhMdeBlfsb,False,Opt_in,Belief,20.0,1.0
R_30ja7qhMdeBlfsb,False,Opt_out,Belief,0.0,0.0
R_30ja7qhMdeBlfsb,True,Opt_in,Belief,20.0,1.0
R_30ja7qhMdeBlfsb,True,Opt_out,Belief,0.0,0.0
R_31nNt2tCCidwhu2,False,Opt_in,Belief,2.0,0.1
R_31nNt2tCCidwhu2,False,Opt_out,Belief,18.0,0.9
R_31nNt2tCCidwhu2,True,Opt_in,Belief,4.0,0.2
R_31nNt2tCCidwhu2,True,Opt_out,Belief,16.0,0.8
R_33j2YEAsTXCpLNx,False,Opt_in,Belief,17.0,0.85
R_33j2YEAsTXCpLNx,False,Opt_out,Belief,3.0,0.15
R_33j2YEAsTXCpLNx,True,Opt_in,Belief,19.0,0.95
R_33j2YEAsTXCpLNx,True,Opt_out,Belief,1.0,0.05
R_33m1bmBpH98aOSR,False,Opt_in,Belief,20.0,1.0
R_33m1bmBpH98aOSR,False,Opt_out,Belief,0.0,0.0
R_33m1bmBpH98aOSR,True,Opt_in,Belief,20.0,1.0
R_33m1bmBpH98aOSR,True,Opt_out,Belief,0.0,0.0
R_33rK04h0Tht1zGE,False,Opt_in,Belief,7.0,0.35
R_33rK04h0Tht1zGE,False,Opt_out,Belief,13.0,0.65
R_33rK04h0Tht1zGE,True,Opt_in,Belief,5.0,0.25
R_33rK04h0Tht1zGE,True,Opt_out,Belief,15.0,0.75
R_33rwOOojl3GZsvc,False,Opt_in,Belief,2.0,0.1
R_33rwOOojl3GZsvc,False,Opt_out,Belief,18.0,0.9
R_33rwOOojl3GZsvc,True,Opt_in,Belief,0.0,0.0
R_33rwOOojl3GZsvc,True,Opt_out,Belief,20.0,1.0
R_3CDDg0WCxHRoPqY,False,Opt_in,Belief,20.0,1.0
R_3CDDg0WCxHRoPqY,False,Opt_out,Belief,0.0,0.0
R_3CDDg0WCxHRoPqY,True,Opt_in,Belief,20.0,1.0
R_3CDDg0WCxHRoPqY,True,Opt_out,Belief,0.0,0.0
R_3DjAiGMycQn0Zww,False,Opt_in,Belief,4.0,0.2
R_3DjAiGMycQn0Zww,False,Opt_out,Belief,16.0,0.8
R_3DjAiGMycQn0Zww,True,Opt_in,Belief,4.0,0.2
R_3DjAiGMycQn0Zww,True,Opt_out,Belief,16.0,0.8
R_3DnJKi8YpMXfL8b,False,Opt_in,Belief,0.0,0.0
R_3DnJKi8YpMXfL8b,False,Opt_out,Belief,20.0,1.0
R_3DnJKi8YpMXfL8b,True,Opt_in,Belief,0.0,0.0
R_3DnJKi8YpMXfL8b,True,Opt_out,Belief,20.0,1.0
R_3EJWGFMuOReZG5u,False,Opt_in,Belief,17.0,0.85
R_3EJWGFMuOReZG5u,False,Opt_out,Belief,3.0,0.15
R_3EJWGFMuOReZG5u,True,Opt_in,Belief,20.0,1.0
R_3EJWGFMuOReZG5u,True,Opt_out,Belief,0.0,0.0
R_3FLPuqkmrevthuj,False,Opt_in,Belief,4.0,0.2
R_3FLPuqkmrevthuj,False,Opt_out,Belief,16.0,0.8
R_3FLPuqkmrevthuj,True,Opt_in,Belief,5.0,0.25
R_3FLPuqkmrevthuj,True,Opt_out,Belief,15.0,0.75
R_3FOMUL62PTeKE05,False,Opt_in,Belief,1.0,0.05
R_3FOMUL62PTeKE05,False,Opt_out,Belief,19.0,0.95
R_3FOMUL62PTeKE05,True,Opt_in,Belief,0.0,0.0
R_3FOMUL62PTeKE05,True,Opt_out,Belief,20.0,1.0
R_3Gp2VNwZGE8z6HA,False,Opt_in,Belief,20.0,1.0
R_3Gp2VNwZGE8z6HA,False,Opt_out,Belief,0.0,0.0
R_3Gp2VNwZGE8z6HA,True,Opt_in,Belief,20.0,1.0
R_3Gp2VNwZGE8z6HA,True,Opt_out,Belief,0.0,0.0
R_3Gy9RkQtzNa84S7,False,Opt_in,Belief,19.0,0.95
R_3Gy9RkQtzNa84S7,False,Opt_out,Belief,1.0,0.05
R_3Gy9RkQtzNa84S7,True,Opt_in,Belief,19.0,0.95
R_3Gy9RkQtzNa84S7,True,Opt_out,Belief,1.0,0.05
R_3HAdnzfhs8tGBLE,False,Opt_in,Belief,7.0,0.35
R_3HAdnzfhs8tGBLE,False,Opt_out,Belief,13.0,0.65
R_3HAdnzfhs8tGBLE,True,Opt_in,Belief,16.0,0.8
R_3HAdnzfhs8tGBLE,True,Opt_out,Belief,4.0,0.2
R_3HYBa3f0fB3Hl4t,False,Opt_in,Belief,0.0,0.0
R_3HYBa3f0fB3Hl4t,False,Opt_out,Belief,20.0,1.0
R_3HYBa3f0fB3Hl4t,True,Opt_in,Belief,0.0,0.0
R_3HYBa3f0fB3Hl4t,True,Opt_out,Belief,20.0,1.0
R_3Hod5cmaDDWpXji,False,Opt_in,Belief,12.0,0.6
R_3Hod5cmaDDWpXji,False,Opt_out,Belief,8.0,0.4
R_3Hod5cmaDDWpXji,True,Opt_in,Belief,15.0,0.75
R_3Hod5cmaDDWpXji,True,Opt_out,Belief,5.0,0.25
R_3KJjkI1Gn48e2CD,False,Opt_in,Belief,20.0,1.0
R_3KJjkI1Gn48e2CD,False,Opt_out,Belief,0.0,0.0
R_3KJjkI1Gn48e2CD,True,Opt_in,Belief,20.0,1.0
R_3KJjkI1Gn48e2CD,True,Opt_out,Belief,0.0,0.0
R_3KPLdyugIfwSd9z,False,Opt_in,Belief,13.0,0.65
R_3KPLdyugIfwSd9z,False,Opt_out,Belief,7.0,0.35
R_3KPLdyugIfwSd9z,True,Opt_in,Belief,18.0,0.9
R_3KPLdyugIfwSd9z,True,Opt_out,Belief,2.0,0.1
R_3KW6FYyvjxsDwja,False,Opt_in,Belief,6.0,0.3
R_3KW6FYyvjxsDwja,False,Opt_out,Belief,14.0,0.7
R_3KW6FYyvjxsDwja,True,Opt_in,Belief,13.0,0.65
R_3KW6FYyvjxsDwja,True,Opt_out,Belief,7.0,0.35
R_3LbawVEDWDrCdeN,False,Opt_in,Belief,20.0,1.0
R_3LbawVEDWDrCdeN,False,Opt_out,Belief,0.0,0.0
R_3LbawVEDWDrCdeN,True,Opt_in,Belief,20.0,1.0
R_3LbawVEDWDrCdeN,True,Opt_out,Belief,0.0,0.0
R_3M39NUnjf0E9G07,False,Opt_in,Belief,20.0,1.0
R_3M39NUnjf0E9G07,False,Opt_out,Belief,0.0,0.0
R_3M39NUnjf0E9G07,True,Opt_in,Belief,20.0,1.0
R_3M39NUnjf0E9G07,True,Opt_out,Belief,0.0,0.0
R_3NEx9VRoyUOPrGQ,False,Opt_in,Belief,3.0,0.15
R_3NEx9VRoyUOPrGQ,False,Opt_out,Belief,17.0,0.85
R_3NEx9VRoyUOPrGQ,True,Opt_in,Belief,8.0,0.4
R_3NEx9VRoyUOPrGQ,True,Opt_out,Belief,12.0,0.6
R_3NVyBsuWkomW5El,False,Opt_in,Belief,0.0,0.0
R_3NVyBsuWkomW5El,False,Opt_out,Belief,20.0,1.0
R_3NVyBsuWkomW5El,True,Opt_in,Belief,3.0,0.15
R_3NVyBsuWkomW5El,True,Opt_out,Belief,17.0,0.85
R_3OF43TvVXZIAJHz,False,Opt_in,Belief,0.0,0.0
R_3OF43TvVXZIAJHz,False,Opt_out,Belief,20.0,1.0
R_3OF43TvVXZIAJHz,True,Opt_in,Belief,1.0,0.05
R_3OF43TvVXZIAJHz,True,Opt_out,Belief,19.0,0.95
R_3PGnOPox5ThZyk1,False,Opt_in,Belief,20.0,1.0
R_3PGnOPox5ThZyk1,False,Opt_out,Belief,0.0,0.0
R_3PGnOPox5ThZyk1,True,Opt_in,Belief,20.0,1.0
R_3PGnOPox5ThZyk1,True,Opt_out,Belief,0.0,0.0
R_3PKRX86nXxa1M0P,False,Opt_in,Belief,16.0,0.8
R_3PKRX86nXxa1M0P,False,Opt_out,Belief,4.0,0.2
R_3PKRX86nXxa1M0P,True,Opt_in,Belief,16.0,0.8
R_3PKRX86nXxa1M0P,True,Opt_out,Belief,4.0,0.2
R_3PMlRFlm9T6txHT,False,Opt_in,Belief,20.0,1.0
R_3PMlRFlm9T6txHT,False,Opt_out,Belief,0.0,0.0
R_3PMlRFlm9T6txHT,True,Opt_in,Belief,20.0,1.0
R_3PMlRFlm9T6txHT,True,Opt_out,Belief,0.0,0.0
R_3PpMYQLw2V4OKk3,False,Opt_in,Belief,7.0,0.35
R_3PpMYQLw2V4OKk3,False,Opt_out,Belief,13.0,0.65
R_3PpMYQLw2V4OKk3,True,Opt_in,Belief,8.0,0.4
R_3PpMYQLw2V4OKk3,True,Opt_out,Belief,12.0,0.6
R_3PtUTGcZI9x4BIe,False,Opt_in,Belief,20.0,1.0
R_3PtUTGcZI9x4BIe,False,Opt_out,Belief,0.0,0.0
R_3PtUTGcZI9x4BIe,True,Opt_in,Belief,20.0,1.0
R_3PtUTGcZI9x4BIe,True,Opt_out,Belief,0.0,0.0
R_3ReUOfuWxGVH3nD,False,Opt_in,Belief,6.0,0.3
R_3ReUOfuWxGVH3nD,False,Opt_out,Belief,14.0,0.7
R_3ReUOfuWxGVH3nD,True,Opt_in,Belief,10.0,0.5
R_3ReUOfuWxGVH3nD,True,Opt_out,Belief,10.0,0.5
R_3RlvnZpkyM3wJMH,False,Opt_in,Belief,1.0,0.05
R_3RlvnZpkyM3wJMH,False,Opt_out,Belief,19.0,0.95
R_3RlvnZpkyM3wJMH,True,Opt_in,Belief,2.0,0.1
R_3RlvnZpkyM3wJMH,True,Opt_out,Belief,18.0,0.9
R_3RmH7X1ZDBf5g7v,False,Opt_in,Belief,20.0,1.0
R_3RmH7X1ZDBf5g7v,False,Opt_out,Belief,0.0,0.0
R_3RmH7X1ZDBf5g7v,True,Opt_in,Belief,20.0,1.0
R_3RmH7X1ZDBf5g7v,True,Opt_out,Belief,0.0,0.0
R_3RqPeKKsYllxZMs,False,Opt_in,Belief,19.0,0.95
R_3RqPeKKsYllxZMs,False,Opt_out,Belief,1.0,0.05
R_3RqPeKKsYllxZMs,True,Opt_in,Belief,20.0,1.0
R_3RqPeKKsYllxZMs,True,Opt_out,Belief,0.0,0.0
R_3dLmamXW6lFKkl3,False,Opt_in,Belief,3.0,0.15
R_3dLmamXW6lFKkl3,False,Opt_out,Belief,17.0,0.85
R_3dLmamXW6lFKkl3,True,Opt_in,Belief,5.0,0.25
R_3dLmamXW6lFKkl3,True,Opt_out,Belief,15.0,0.75
R_3exhNzgEIOUrELE,False,Opt_in,Belief,0.0,0.0
R_3exhNzgEIOUrELE,False,Opt_out,Belief,20.0,1.0
R_3exhNzgEIOUrELE,True,Opt_in,Belief,1.0,0.05
R_3exhNzgEIOUrELE,True,Opt_out,Belief,19.0,0.95
R_3gSfrDYWlCGZ0jr,False,Opt_in,Belief,2.0,0.1
R_3gSfrDYWlCGZ0jr,False,Opt_out,Belief,18.0,0.9
R_3gSfrDYWlCGZ0jr,True,Opt_in,Belief,2.0,0.1
R_3gSfrDYWlCGZ0jr,True,Opt_out,Belief,18.0,0.9
R_3gZAn6xuQOaRhXT,False,Opt_in,Belief,20.0,1.0
R_3gZAn6xuQOaRhXT,False,Opt_out,Belief,0.0,0.0
R_3gZAn6xuQOaRhXT,True,Opt_in,Belief,20.0,1.0
R_3gZAn6xuQOaRhXT,True,Opt_out,Belief,0.0,0.0
R_3hgvRu58mshdRLf,False,Opt_in,Belief,20.0,1.0
R_3hgvRu58mshdRLf,False,Opt_out,Belief,0.0,0.0
R_3hgvRu58mshdRLf,True,Opt_in,Belief,20.0,1.0
R_3hgvRu58mshdRLf,True,Opt_out,Belief,0.0,0.0
R_3hojZE7ATW86BF6,False,Opt_in,Belief,7.0,0.35
R_3hojZE7ATW86BF6,False,Opt_out,Belief,13.0,0.65
R_3hojZE7ATW86BF6,True,Opt_in,Belief,12.0,0.6
R_3hojZE7ATW86BF6,True,Opt_out,Belief,8.0,0.4
R_3iQjBEvVtz0d5g9,False,Opt_in,Belief,1.0,0.05
R_3iQjBEvVtz0d5g9,False,Opt_out,Belief,19.0,0.95
R_3iQjBEvVtz0d5g9,True,Opt_in,Belief,6.0,0.3
R_3iQjBEvVtz0d5g9,True,Opt_out,Belief,14.0,0.7
R_3iwLKraVzk1WMUh,False,Opt_in,Belief,20.0,1.0
R_3iwLKraVzk1WMUh,False,Opt_out,Belief,0.0,0.0
R_3iwLKraVzk1WMUh,True,Opt_in,Belief,20.0,1.0
R_3iwLKraVzk1WMUh,True,Opt_out,Belief,0.0,0.0
R_3jTZD3bXtuV0sit,False,Opt_in,Belief,0.0,0.0
R_3jTZD3bXtuV0sit,False,Opt_out,Belief,20.0,1.0
R_3jTZD3bXtuV0sit,True,Opt_in,Belief,1.0,0.05
R_3jTZD3bXtuV0sit,True,Opt_out,Belief,19.0,0.95
R_3kpn0x75XppwUYn,False,Opt_in,Belief,0.0,0.0
R_3kpn0x75XppwUYn,False,Opt_out,Belief,20.0,1.0
R_3kpn0x75XppwUYn,True,Opt_in,Belief,3.0,0.15
R_3kpn0x75XppwUYn,True,Opt_out,Belief,17.0,0.85
R_3lK3wjH7xoMoVRi,False,Opt_in,Belief,5.0,0.25
R_3lK3wjH7xoMoVRi,False,Opt_out,Belief,15.0,0.75
R_3lK3wjH7xoMoVRi,True,Opt_in,Belief,10.0,0.5
R_3lK3wjH7xoMoVRi,True,Opt_out,Belief,10.0,0.5
R_3lrCfFvxVWVnjUZ,False,Opt_in,Belief,3.0,0.15
R_3lrCfFvxVWVnjUZ,False,Opt_out,Belief,17.0,0.85
R_3lrCfFvxVWVnjUZ,True,Opt_in,Belief,9.0,0.45
R_3lrCfFvxVWVnjUZ,True,Opt_out,Belief,11.0,0.55
R_3lsM01qtUjP1X8Q,False,Opt_in,Belief,0.0,0.0
R_3lsM01qtUjP1X8Q,False,Opt_out,Belief,20.0,1.0
R_3lsM01qtUjP1X8Q,True,Opt_in,Belief,0.0,0.0
R_3lsM01qtUjP1X8Q,True,Opt_out,Belief,20.0,1.0
R_3maqXmDI6ew27UB,False,Opt_in,Belief,20.0,1.0
R_3maqXmDI6ew27UB,False,Opt_out,Belief,0.0,0.0
R_3maqXmDI6ew27UB,True,Opt_in,Belief,20.0,1.0
R_3maqXmDI6ew27UB,True,Opt_out,Belief,0.0,0.0
R_3n6pk4LMywreP32,False,Opt_in,Belief,1.0,0.05
R_3n6pk4LMywreP32,False,Opt_out,Belief,19.0,0.95
R_3n6pk4LMywreP32,True,Opt_in,Belief,2.0,0.1
R_3n6pk4LMywreP32,True,Opt_out,Belief,18.0,0.9
R_3neZFHUbQG7v6Bm,False,Opt_in,Belief,5.0,0.25
R_3neZFHUbQG7v6Bm,False,Opt_out,Belief,15.0,0.75
R_3neZFHUbQG7v6Bm,True,Opt_in,Belief,4.0,0.2
R_3neZFHUbQG7v6Bm,True,Opt_out,Belief,16.0,0.8
R_3oFUFohfEWD45mu,False,Opt_in,Belief,0.0,0.0
R_3oFUFohfEWD45mu,False,Opt_out,Belief,20.0,1.0
R_3oFUFohfEWD45mu,True,Opt_in,Belief,0.0,0.0
R_3oFUFohfEWD45mu,True,Opt_out,Belief,20.0,1.0
R_3oLzXe8ob8sLunB,False,Opt_in,Belief,15.0,0.75
R_3oLzXe8ob8sLunB,False,Opt_out,Belief,5.0,0.25
R_3oLzXe8ob8sLunB,True,Opt_in,Belief,19.0,0.95
R_3oLzXe8ob8sLunB,True,Opt_out,Belief,1.0,0.05
R_3oyzs9ZliYfzRtT,False,Opt_in,Belief,20.0,1.0
R_3oyzs9ZliYfzRtT,False,Opt_out,Belief,0.0,0.0
R_3oyzs9ZliYfzRtT,True,Opt_in,Belief,20.0,1.0
R_3oyzs9ZliYfzRtT,True,Opt_out,Belief,0.0,0.0
R_3qCmF5sfxxDkWBQ,False,Opt_in,Belief,0.0,0.0
R_3qCmF5sfxxDkWBQ,False,Opt_out,Belief,20.0,1.0
R_3qCmF5sfxxDkWBQ,True,Opt_in,Belief,0.0,0.0
R_3qCmF5sfxxDkWBQ,True,Opt_out,Belief,20.0,1.0
R_3qWklMBLY3tMJP4,False,Opt_in,Belief,20.0,1.0
R_3qWklMBLY3tMJP4,False,Opt_out,Belief,0.0,0.0
R_3qWklMBLY3tMJP4,True,Opt_in,Belief,20.0,1.0
R_3qWklMBLY3tMJP4,True,Opt_out,Belief,0.0,0.0
R_3qrPGI5KjGYKsAu,False,Opt_in,Belief,0.0,0.0
R_3qrPGI5KjGYKsAu,False,Opt_out,Belief,20.0,1.0
R_3qrPGI5KjGYKsAu,True,Opt_in,Belief,1.0,0.05
R_3qrPGI5KjGYKsAu,True,Opt_out,Belief,19.0,0.95
R_3rOHcQaEyDFHxos,False,Opt_in,Belief,20.0,1.0
R_3rOHcQaEyDFHxos,False,Opt_out,Belief,0.0,0.0
R_3rOHcQaEyDFHxos,True,Opt_in,Belief,20.0,1.0
R_3rOHcQaEyDFHxos,True,Opt_out,Belief,0.0,0.0
R_3wJUs985FimHRtv,False,Opt_in,Belief,8.0,0.4
R_3wJUs985FimHRtv,False,Opt_out,Belief,12.0,0.6
R_3wJUs985FimHRtv,True,Opt_in,Belief,6.0,0.3
R_3wJUs985FimHRtv,True,Opt_out,Belief,14.0,0.7
R_4N1AnhjSxiPf9zH,False,Opt_in,Belief,13.0,0.65
R_4N1AnhjSxiPf9zH,False,Opt_out,Belief,7.0,0.35
R_4N1AnhjSxiPf9zH,True,Opt_in,Belief,13.0,0.65
R_4N1AnhjSxiPf9zH,True,Opt_out,Belief,7.0,0.35
R_4YKGyWUxVGnXxbX,False,Opt_in,Belief,0.0,0.0
R_4YKGyWUxVGnXxbX,False,Opt_out,Belief,20.0,1.0
R_4YKGyWUxVGnXxbX,True,Opt_in,Belief,0.0,0.0
R_4YKGyWUxVGnXxbX,True,Opt_out,Belief,20.0,1.0
R_5zn8mSZ36yGR0Ix,False,Opt_in,Belief,0.0,0.0
R_5zn8mSZ36yGR0Ix,False,Opt_out,Belief,20.0,1.0
R_5zn8mSZ36yGR0Ix,True,Opt_in,Belief,1.0,0.05
R_5zn8mSZ36yGR0Ix,True,Opt_out,Belief,19.0,0.95
R_6Vh5GTZdENjqQgh,False,Opt_in,Belief,20.0,1.0
R_6Vh5GTZdENjqQgh,False,Opt_out,Belief,0.0,0.0
R_6Vh5GTZdENjqQgh,True,Opt_in,Belief,20.0,1.0
R_6Vh5GTZdENjqQgh,True,Opt_out,Belief,0.0,0.0
R_6kTIKBArqRKbYrv,False,Opt_in,Belief,20.0,1.0
R_6kTIKBArqRKbYrv,False,Opt_out,Belief,0.0,0.0
R_6kTIKBArqRKbYrv,True,Opt_in,Belief,20.0,1.0
R_6kTIKBArqRKbYrv,True,Opt_out,Belief,0.0,0.0
R_82lRdbMEjU3iqfn,False,Opt_in,Belief,20.0,1.0
R_82lRdbMEjU3iqfn,False,Opt_out,Belief,0.0,0.0
R_82lRdbMEjU3iqfn,True,Opt_in,Belief,20.0,1.0
R_82lRdbMEjU3iqfn,True,Opt_out,Belief,0.0,0.0
R_85GqUhclHxakbOp,False,Opt_in,Belief,20.0,1.0
R_85GqUhclHxakbOp,False,Opt_out,Belief,0.0,0.0
R_85GqUhclHxakbOp,True,Opt_in,Belief,20.0,1.0
R_85GqUhclHxakbOp,True,Opt_out,Belief,0.0,0.0
R_8hUnymzAUeG5S81,False,Opt_in,Belief,3.0,0.15
R_8hUnymzAUeG5S81,False,Opt_out,Belief,17.0,0.85
R_8hUnymzAUeG5S81,True,Opt_in,Belief,9.0,0.45
R_8hUnymzAUeG5S81,True,Opt_out,Belief,11.0,0.55
R_8uetBoMj9VtJjBT,False,Opt_in,Belief,0.0,0.0
R_8uetBoMj9VtJjBT,False,Opt_out,Belief,20.0,1.0
R_8uetBoMj9VtJjBT,True,Opt_in,Belief,3.0,0.15
R_8uetBoMj9VtJjBT,True,Opt_out,Belief,17.0,0.85
R_A0XNUNZF77m6bfz,False,Opt_in,Belief,20.0,1.0
R_A0XNUNZF77m6bfz,False,Opt_out,Belief,0.0,0.0
R_A0XNUNZF77m6bfz,True,Opt_in,Belief,20.0,1.0
R_A0XNUNZF77m6bfz,True,Opt_out,Belief,0.0,0.0
R_AaFzU709JZZbomR,False,Opt_in,Belief,20.0,1.0
R_AaFzU709JZZbomR,False,Opt_out,Belief,0.0,0.0
R_AaFzU709JZZbomR,True,Opt_in,Belief,20.0,1.0
R_AaFzU709JZZbomR,True,Opt_out,Belief,0.0,0.0
R_AjkfYpR4mKtIZqh,False,Opt_in,Belief,0.0,0.0
R_AjkfYpR4mKtIZqh,False,Opt_out,Belief,20.0,1.0
R_AjkfYpR4mKtIZqh,True,Opt_in,Belief,0.0,0.0
R_AjkfYpR4mKtIZqh,True,Opt_out,Belief,20.0,1.0
R_ApS6qolzPXldkXv,False,Opt_in,Belief,12.0,0.6
R_ApS6qolzPXldkXv,False,Opt_out,Belief,8.0,0.4
R_ApS6qolzPXldkXv,True,Opt_in,Belief,17.0,0.85
R_ApS6qolzPXldkXv,True,Opt_out,Belief,3.0,0.15
R_C8D972m3PH4n1NT,False,Opt_in,Belief,13.0,0.65
R_C8D972m3PH4n1NT,False,Opt_out,Belief,7.0,0.35
R_C8D972m3PH4n1NT,True,Opt_in,Belief,15.0,0.75
R_C8D972m3PH4n1NT,True,Opt_out,Belief,5.0,0.25
R_Cabu56vgETr9BCN,False,Opt_in,Belief,20.0,1.0
R_Cabu56vgETr9BCN,False,Opt_out,Belief,0.0,0.0
R_Cabu56vgETr9BCN,True,Opt_in,Belief,20.0,1.0
R_Cabu56vgETr9BCN,True,Opt_out,Belief,0.0,0.0
R_CaxruoX96tDfSSZ,False,Opt_in,Belief,20.0,1.0
R_CaxruoX96tDfSSZ,False,Opt_out,Belief,0.0,0.0
R_CaxruoX96tDfSSZ,True,Opt_in,Belief,20.0,1.0
R_CaxruoX96tDfSSZ,True,Opt_out,Belief,0.0,0.0
R_D2zJeAmJZtId8Zz,False,Opt_in,Belief,5.0,0.25
R_D2zJeAmJZtId8Zz,False,Opt_out,Belief,15.0,0.75
R_D2zJeAmJZtId8Zz,True,Opt_in,Belief,6.0,0.3
R_D2zJeAmJZtId8Zz,True,Opt_out,Belief,14.0,0.7
R_D78omEuOtSAOPTP,False,Opt_in,Belief,3.0,0.15
R_D78omEuOtSAOPTP,False,Opt_out,Belief,17.0,0.85
R_D78omEuOtSAOPTP,True,Opt_in,Belief,1.0,0.05
R_D78omEuOtSAOPTP,True,Opt_out,Belief,19.0,0.95
R_DMmIVtlcBGoYUoN,False,Opt_in,Belief,15.0,0.75
R_DMmIVtlcBGoYUoN,False,Opt_out,Belief,5.0,0.25
R_DMmIVtlcBGoYUoN,True,Opt_in,Belief,18.0,0.9
R_DMmIVtlcBGoYUoN,True,Opt_out,Belief,2.0,0.1
R_DVkLIcNa8lPKCEp,False,Opt_in,Belief,20.0,1.0
R_DVkLIcNa8lPKCEp,False,Opt_out,Belief,0.0,0.0
R_DVkLIcNa8lPKCEp,True,Opt_in,Belief,20.0,1.0
R_DVkLIcNa8lPKCEp,True,Opt_out,Belief,0.0,0.0
R_DpCzHRbOVBkvpC1,False,Opt_in,Belief,20.0,1.0
R_DpCzHRbOVBkvpC1,False,Opt_out,Belief,0.0,0.0
R_DpCzHRbOVBkvpC1,True,Opt_in,Belief,20.0,1.0
R_DpCzHRbOVBkvpC1,True,Opt_out,Belief,0.0,0.0
R_Dpe5B7UEmaMLKx3,False,Opt_in,Belief,20.0,1.0
R_Dpe5B7UEmaMLKx3,False,Opt_out,Belief,0.0,0.0
R_Dpe5B7UEmaMLKx3,True,Opt_in,Belief,20.0,1.0
R_Dpe5B7UEmaMLKx3,True,Opt_out,Belief,0.0,0.0
R_O26YljobhKV5CLv,False,Opt_in,Belief,3.0,0.15
R_O26YljobhKV5CLv,False,Opt_out,Belief,17.0,0.85
R_O26YljobhKV5CLv,True,Opt_in,Belief,9.0,0.45
R_O26YljobhKV5CLv,True,Opt_out,Belief,11.0,0.55
R_O2OSYoXWaXLLoeB,False,Opt_in,Belief,1.0,0.05
R_O2OSYoXWaXLLoeB,False,Opt_out,Belief,19.0,0.95
R_O2OSYoXWaXLLoeB,True,Opt_in,Belief,1.0,0.05
R_O2OSYoXWaXLLoeB,True,Opt_out,Belief,19.0,0.95
R_OB9wdsMH7Qz2TMB,False,Opt_in,Belief,20.0,1.0
R_OB9wdsMH7Qz2TMB,False,Opt_out,Belief,0.0,0.0
R_OB9wdsMH7Qz2TMB,True,Opt_in,Belief,20.0,1.0
R_OB9wdsMH7Qz2TMB,True,Opt_out,Belief,0.0,0.0
R_Oj9BtIGek4vYy5P,False,Opt_in,Belief,3.0,0.15
R_Oj9BtIGek4vYy5P,False,Opt_out,Belief,17.0,0.85
R_Oj9BtIGek4vYy5P,True,Opt_in,Belief,11.0,0.55
R_Oj9BtIGek4vYy5P,True,Opt_out,Belief,9.0,0.45
R_OvAIoZYpRR5wpzP,False,Opt_in,Belief,4.0,0.2
R_OvAIoZYpRR5wpzP,False,Opt_out,Belief,16.0,0.8
R_OvAIoZYpRR5wpzP,True,Opt_in,Belief,3.0,0.15
R_OvAIoZYpRR5wpzP,True,Opt_out,Belief,17.0,0.85
R_Q4acPDtbhV3mH73,False,Opt_in,Belief,0.0,0.0
R_Q4acPDtbhV3mH73,False,Opt_out,Belief,20.0,1.0
R_Q4acPDtbhV3mH73,True,Opt_in,Belief,0.0,0.0
R_Q4acPDtbhV3mH73,True,Opt_out,Belief,20.0,1.0
R_Qak6XKkoKfWbNo5,False,Opt_in,Belief,2.0,0.1
R_Qak6XKkoKfWbNo5,False,Opt_out,Belief,18.0,0.9
R_Qak6XKkoKfWbNo5,True,Opt_in,Belief,9.0,0.45
R_Qak6XKkoKfWbNo5,True,Opt_out,Belief,11.0,0.55
R_R4fwpRQ7UvdLOfv,False,Opt_in,Belief,15.0,0.75
R_R4fwpRQ7UvdLOfv,False,Opt_out,Belief,5.0,0.25
R_R4fwpRQ7UvdLOfv,True,Opt_in,Belief,18.0,0.9
R_R4fwpRQ7UvdLOfv,True,Opt_out,Belief,2.0,0.1
R_RC7pCOitgfE3uNz,False,Opt_in,Belief,18.0,0.9
R_RC7pCOitgfE3uNz,False,Opt_out,Belief,2.0,0.1
R_RC7pCOitgfE3uNz,True,Opt_in,Belief,20.0,1.0
R_RC7pCOitgfE3uNz,True,Opt_out,Belief,0.0,0.0
R_RVRgkscIfTaznYR,False,Opt_in,Belief,1.0,0.05
R_RVRgkscIfTaznYR,False,Opt_out,Belief,19.0,0.95
R_RVRgkscIfTaznYR,True,Opt_in,Belief,3.0,0.15
R_RVRgkscIfTaznYR,True,Opt_out,Belief,17.0,0.85
R_RsokoAdVzHj8ZIl,False,Opt_in,Belief,0.0,0.0
R_RsokoAdVzHj8ZIl,False,Opt_out,Belief,20.0,1.0
R_RsokoAdVzHj8ZIl,True,Opt_in,Belief,1.0,0.05
R_RsokoAdVzHj8ZIl,True,Opt_out,Belief,19.0,0.95
R_SSMJNlw1FcLnDih,False,Opt_in,Belief,0.0,0.0
R_SSMJNlw1FcLnDih,False,Opt_out,Belief,20.0,1.0
R_SSMJNlw1FcLnDih,True,Opt_in,Belief,7.0,0.35
R_SSMJNlw1FcLnDih,True,Opt_out,Belief,13.0,0.65
R_Td8OgZmJD00ikqR,False,Opt_in,Belief,9.0,0.45
R_Td8OgZmJD00ikqR,False,Opt_out,Belief,11.0,0.55
R_Td8OgZmJD00ikqR,True,Opt_in,Belief,18.0,0.9
R_Td8OgZmJD00ikqR,True,Opt_out,Belief,2.0,0.1
R_UAPMazoTfYFs8sF,False,Opt_in,Belief,0.0,0.0
R_UAPMazoTfYFs8sF,False,Opt_out,Belief,20.0,1.0
R_UAPMazoTfYFs8sF,True,Opt_in,Belief,0.0,0.0
R_UAPMazoTfYFs8sF,True,Opt_out,Belief,20.0,1.0
R_UnXcdofr5kuugxj,False,Opt_in,Belief,13.0,0.65
R_UnXcdofr5kuugxj,False,Opt_out,Belief,7.0,0.35
R_UnXcdofr5kuugxj,True,Opt_in,Belief,15.0,0.75
R_UnXcdofr5kuugxj,True,Opt_out,Belief,5.0,0.25
R_W2l1m1NYUM9RmWR,False,Opt_in,Belief,1.0,0.05
R_W2l1m1NYUM9RmWR,False,Opt_out,Belief,19.0,0.95
R_W2l1m1NYUM9RmWR,True,Opt_in,Belief,0.0,0.0
R_W2l1m1NYUM9RmWR,True,Opt_out,Belief,20.0,1.0
R_XNYW8tg7WdNnEOd,False,Opt_in,Belief,6.0,0.3
R_XNYW8tg7WdNnEOd,False,Opt_out,Belief,14.0,0.7
R_XNYW8tg7WdNnEOd,True,Opt_in,Belief,2.0,0.1
R_XNYW8tg7WdNnEOd,True,Opt_out,Belief,18.0,0.9
R_Z9nU06xFVcyOged,False,Opt_in,Belief,0.0,0.0
R_Z9nU06xFVcyOged,False,Opt_out,Belief,20.0,1.0
R_Z9nU06xFVcyOged,True,Opt_in,Belief,0.0,0.0
R_Z9nU06xFVcyOged,True,Opt_out,Belief,20.0,1.0
R_ZCSkPEMNNyg3MCB,False,Opt_in,Belief,19.0,0.95
R_ZCSkPEMNNyg3MCB,False,Opt_out,Belief,1.0,0.05
R_ZCSkPEMNNyg3MCB,True,Opt_in,Belief,20.0,1.0
R_ZCSkPEMNNyg3MCB,True,Opt_out,Belief,0.0,0.0
R_ZvHu6CtibQr5heh,False,Opt_in,Belief,0.0,0.0
R_ZvHu6CtibQr5heh,False,Opt_out,Belief,20.0,1.0
R_ZvHu6CtibQr5heh,True,Opt_in,Belief,2.0,0.1
R_ZvHu6CtibQr5heh,True,Opt_out,Belief,18.0,0.9
R_a2x8QrxEZEJrkZP,False,Opt_in,Belief,20.0,1.0
R_a2x8QrxEZEJrkZP,False,Opt_out,Belief,0.0,0.0
R_a2x8QrxEZEJrkZP,True,Opt_in,Belief,20.0,1.0
R_a2x8QrxEZEJrkZP,True,Opt_out,Belief,0.0,0.0
R_bDBBWax1rSIjX7X,False,Opt_in,Belief,20.0,1.0
R_bDBBWax1rSIjX7X,False,Opt_out,Belief,0.0,0.0
R_bDBBWax1rSIjX7X,True,Opt_in,Belief,20.0,1.0
R_bDBBWax1rSIjX7X,True,Opt_out,Belief,0.0,0.0
R_bacqZswlgd6gIJH,False,Opt_in,Belief,3.0,0.15
R_bacqZswlgd6gIJH,False,Opt_out,Belief,17.0,0.85
R_bacqZswlgd6gIJH,True,Opt_in,Belief,12.0,0.6
R_bacqZswlgd6gIJH,True,Opt_out,Belief,8.0,0.4
R_bxf0is3tI8g324p,False,Opt_in,Belief,20.0,1.0
R_bxf0is3tI8g324p,False,Opt_out,Belief,0.0,0.0
R_bxf0is3tI8g324p,True,Opt_in,Belief,20.0,1.0
R_bxf0is3tI8g324p,True,Opt_out,Belief,0.0,0.0
R_cHdj4ZVINjek6Gt,False,Opt_in,Belief,18.0,0.9
R_cHdj4ZVINjek6Gt,False,Opt_out,Belief,2.0,0.1
R_cHdj4ZVINjek6Gt,True,Opt_in,Belief,20.0,1.0
R_cHdj4ZVINjek6Gt,True,Opt_out,Belief,0.0,0.0
R_do3vjhMjlBbI9wJ,False,Opt_in,Belief,5.0,0.25
R_do3vjhMjlBbI9wJ,False,Opt_out,Belief,15.0,0.75
R_do3vjhMjlBbI9wJ,True,Opt_in,Belief,7.0,0.35
R_do3vjhMjlBbI9wJ,True,Opt_out,Belief,13.0,0.65
R_eet4qhvUduvrwPf,False,Opt_in,Belief,5.0,0.25
R_eet4qhvUduvrwPf,False,Opt_out,Belief,15.0,0.75
R_eet4qhvUduvrwPf,True,Opt_in,Belief,8.0,0.4
R_eet4qhvUduvrwPf,True,Opt_out,Belief,12.0,0.6
R_ekQaVCSKvFRRg41,False,Opt_in,Belief,1.0,0.05
R_ekQaVCSKvFRRg41,False,Opt_out,Belief,19.0,0.95
R_ekQaVCSKvFRRg41,True,Opt_in,Belief,1.0,0.05
R_ekQaVCSKvFRRg41,True,Opt_out,Belief,19.0,0.95
R_erhWVFBJDOjmtTX,False,Opt_in,Belief,0.0,0.0
R_erhWVFBJDOjmtTX,False,Opt_out,Belief,20.0,1.0
R_erhWVFBJDOjmtTX,True,Opt_in,Belief,0.0,0.0
R_erhWVFBJDOjmtTX,True,Opt_out,Belief,20.0,1.0
R_esTB4PFHmHgZy5b,False,Opt_in,Belief,9.0,0.45
R_esTB4PFHmHgZy5b,False,Opt_out,Belief,11.0,0.55
R_esTB4PFHmHgZy5b,True,Opt_in,Belief,11.0,0.55
R_esTB4PFHmHgZy5b,True,Opt_out,Belief,9.0,0.45
R_eu2TUlygF4adk9b,False,Opt_in,Belief,5.0,0.25
R_eu2TUlygF4adk9b,False,Opt_out,Belief,15.0,0.75
R_eu2TUlygF4adk9b,True,Opt_in,Belief,9.0,0.45
R_eu2TUlygF4adk9b,True,Opt_out,Belief,11.0,0.55
R_oXJgjelS6kgX5dv,False,Opt_in,Belief,6.0,0.3
R_oXJgjelS6kgX5dv,False,Opt_out,Belief,14.0,0.7
R_oXJgjelS6kgX5dv,True,Opt_in,Belief,6.0,0.3
R_oXJgjelS6kgX5dv,True,Opt_out,Belief,14.0,0.7
R_pJGhMiU55Zh1VPr,False,Opt_in,Belief,20.0,1.0
R_pJGhMiU55Zh1VPr,False,Opt_out,Belief,0.0,0.0
R_pJGhMiU55Zh1VPr,True,Opt_in,Belief,20.0,1.0
R_pJGhMiU55Zh1VPr,True,Opt_out,Belief,0.0,0.0
R_r1qgPk25htXBmLv,False,Opt_in,Belief,20.0,1.0
R_r1qgPk25htXBmLv,False,Opt_out,Belief,0.0,0.0
R_r1qgPk25htXBmLv,True,Opt_in,Belief,20.0,1.0
R_r1qgPk25htXBmLv,True,Opt_out,Belief,0.0,0.0
R_riDdrTYjWNsKiFr,False,Opt_in,Belief,20.0,1.0
R_riDdrTYjWNsKiFr,False,Opt_out,Belief,0.0,0.0
R_riDdrTYjWNsKiFr,True,Opt_in,Belief,20.0,1.0
R_riDdrTYjWNsKiFr,True,Opt_out,Belief,0.0,0.0
R_sjPBlMNCaKrxmbn,False,Opt_in,Belief,20.0,1.0
R_sjPBlMNCaKrxmbn,False,Opt_out,Belief,0.0,0.0
R_sjPBlMNCaKrxmbn,True,Opt_in,Belief,20.0,1.0
R_sjPBlMNCaKrxmbn,True,Opt_out,Belief,0.0,0.0
R_svbEsPanTuhFXhL,False,Opt_in,Belief,5.0,0.25
R_svbEsPanTuhFXhL,False,Opt_out,Belief,15.0,0.75
R_svbEsPanTuhFXhL,True,Opt_in,Belief,7.0,0.35
R_svbEsPanTuhFXhL,True,Opt_out,Belief,13.0,0.65
R_tKuyiySyaLAfgsh,False,Opt_in,Belief,7.0,0.35
R_tKuyiySyaLAfgsh,False,Opt_out,Belief,13.0,0.65
R_tKuyiySyaLAfgsh,True,Opt_in,Belief,6.0,0.3
R_tKuyiySyaLAfgsh,True,Opt_out,Belief,14.0,0.7
R_ummlCdj1e5uM1A5,False,Opt_in,Belief,3.0,0.15
R_ummlCdj1e5uM1A5,False,Opt_out,Belief,17.0,0.85
R_ummlCdj1e5uM1A5,True,Opt_in,Belief,5.0,0.25
R_ummlCdj1e5uM1A5,True,Opt_out,Belief,15.0,0.75
R_uq8nzTxO99hWGyZ,False,Opt_in,Belief,20.0,1.0
R_uq8nzTxO99hWGyZ,False,Opt_out,Belief,0.0,0.0
R_uq8nzTxO99hWGyZ,True,Opt_in,Belief,20.0,1.0
R_uq8nzTxO99hWGyZ,True,Opt_out,Belief,0.0,0.0
R_vlxTRSXShHot2sV,False,Opt_in,Belief,20.0,1.0
R_vlxTRSXShHot2sV,False,Opt_out,Belief,0.0,0.0
R_vlxTRSXShHot2sV,True,Opt_in,Belief,20.0,1.0
R_vlxTRSXShHot2sV,True,Opt_out,Belief,0.0,0.0
R_w4qfVpQ9y5sG6DD,False,Opt_in,Belief,6.0,0.3
R_w4qfVpQ9y5sG6DD,False,Opt_out,Belief,14.0,0.7
R_w4qfVpQ9y5sG6DD,True,Opt_in,Belief,16.0,0.8
R_w4qfVpQ9y5sG6DD,True,Opt_out,Belief,4.0,0.2
R_wNQYhTANvz5F7Lr,False,Opt_in,Belief,20.0,1.0
R_wNQYhTANvz5F7Lr,False,Opt_out,Belief,0.0,0.0
R_wNQYhTANvz5F7Lr,True,Opt_in,Belief,20.0,1.0
R_wNQYhTANvz5F7Lr,True,Opt_out,Belief,0.0,0.0
R_wQYozR9YDu9CrUB,False,Opt_in,Belief,0.0,0.0
R_wQYozR9YDu9CrUB,False,Opt_out,Belief,20.0,1.0
R_wQYozR9YDu9CrUB,True,Opt_in,Belief,0.0,0.0
R_wQYozR9YDu9CrUB,True,Opt_out,Belief,20.0,1.0
R_xc1Mc9ZOOWcYUPD,False,Opt_in,Belief,20.0,1.0
R_xc1Mc9ZOOWcYUPD,False,Opt_out,Belief,0.0,0.0
R_xc1Mc9ZOOWcYUPD,True,Opt_in,Belief,19.0,0.95
R_xc1Mc9ZOOWcYUPD,True,Opt_out,Belief,1.0,0.05
R_z1HKNzOCRnFNeoh,False,Opt_in,Belief,12.0,0.6
R_z1HKNzOCRnFNeoh,False,Opt_out,Belief,8.0,0.4
R_z1HKNzOCRnFNeoh,True,Opt_in,Belief,12.0,0.6
R_z1HKNzOCRnFNeoh,True,Opt_out,Belief,8.0,0.4
R_zSkvZcZXQxVRbBn,False,Opt_in,Belief,12.0,0.6
R_zSkvZcZXQxVRbBn,False,Opt_out,Belief,8.0,0.4
R_zSkvZcZXQxVRbBn,True,Opt_in,Belief,17.0,0.85
R_zSkvZcZXQxVRbBn,True,Opt_out,Belief,3.0,0.15
R_06s4df99trS7irD,False,Opt_in,Share,0.0,0.0
R_06s4df99trS7irD,False,Opt_out,Share,20.0,1.0
R_06s4df99trS7irD,True,Opt_in,Share,0.0,0.0
R_06s4df99trS7irD,True,Opt_out,Share,20.0,1.0
R_0HuFJJxvmGh8HlL,False,Opt_in,Share,5.0,0.25
R_0HuFJJxvmGh8HlL,False,Opt_out,Share,15.0,0.75
R_0HuFJJxvmGh8HlL,True,Opt_in,Share,7.0,0.35
R_0HuFJJxvmGh8HlL,True,Opt_out,Share,13.0,0.65
R_0OfmcOD7OfArIGt,False,Opt_in,Share,0.0,0.0
R_0OfmcOD7OfArIGt,False,Opt_out,Share,20.0,1.0
R_0OfmcOD7OfArIGt,True,Opt_in,Share,0.0,0.0
R_0OfmcOD7OfArIGt,True,Opt_out,Share,20.0,1.0
R_10NRrsfPVGnG0aH,False,Opt_in,Share,9.0,0.45
R_10NRrsfPVGnG0aH,False,Opt_out,Share,11.0,0.55
R_10NRrsfPVGnG0aH,True,Opt_in,Share,20.0,1.0
R_10NRrsfPVGnG0aH,True,Opt_out,Share,0.0,0.0
R_10U9oinjOm3MFFV,False,Opt_in,Share,11.0,0.55
R_10U9oinjOm3MFFV,False,Opt_out,Share,9.0,0.45
R_10U9oinjOm3MFFV,True,Opt_in,Share,7.0,0.35
R_10U9oinjOm3MFFV,True,Opt_out,Share,13.0,0.65
R_12DWy3uYk2hE1OZ,False,Opt_in,Share,20.0,1.0
R_12DWy3uYk2hE1OZ,False,Opt_out,Share,0.0,0.0
R_12DWy3uYk2hE1OZ,True,Opt_in,Share,20.0,1.0
R_12DWy3uYk2hE1OZ,True,Opt_out,Share,0.0,0.0
R_12fCzfqIB98UJhi,False,Opt_in,Share,1.0,0.05
R_12fCzfqIB98UJhi,False,Opt_out,Share,19.0,0.95
R_12fCzfqIB98UJhi,True,Opt_in,Share,9.0,0.45
R_12fCzfqIB98UJhi,True,Opt_out,Share,11.0,0.55
R_1BWbCFPzSVk78mK,False,Opt_in,Share,15.0,0.75
R_1BWbCFPzSVk78mK,False,Opt_out,Share,5.0,0.25
R_1BWbCFPzSVk78mK,True,Opt_in,Share,16.0,0.8
R_1BWbCFPzSVk78mK,True,Opt_out,Share,4.0,0.2
R_1BYhYLviabPG4da,False,Opt_in,Share,20.0,1.0
R_1BYhYLviabPG4da,False,Opt_out,Share,0.0,0.0
R_1BYhYLviabPG4da,True,Opt_in,Share,20.0,1.0
R_1BYhYLviabPG4da,True,Opt_out,Share,0.0,0.0
R_1C1FvCtfwhN6Bjk,False,Opt_in,Share,20.0,1.0
R_1C1FvCtfwhN6Bjk,False,Opt_out,Share,0.0,0.0
R_1C1FvCtfwhN6Bjk,True,Opt_in,Share,20.0,1.0
R_1C1FvCtfwhN6Bjk,True,Opt_out,Share,0.0,0.0
R_1CkbXnEM3JuHQSn,False,Opt_in,Share,20.0,1.0
R_1CkbXnEM3JuHQSn,False,Opt_out,Share,0.0,0.0
R_1CkbXnEM3JuHQSn,True,Opt_in,Share,20.0,1.0
R_1CkbXnEM3JuHQSn,True,Opt_out,Share,0.0,0.0
R_1DFOMAtppxCQM2E,False,Opt_in,Share,0.0,0.0
R_1DFOMAtppxCQM2E,False,Opt_out,Share,20.0,1.0
R_1DFOMAtppxCQM2E,True,Opt_in,Share,1.0,0.05
R_1DFOMAtppxCQM2E,True,Opt_out,Share,19.0,0.95
R_1DG236f8Cd5cekd,False,Opt_in,Share,0.0,0.0
R_1DG236f8Cd5cekd,False,Opt_out,Share,20.0,1.0
R_1DG236f8Cd5cekd,True,Opt_in,Share,0.0,0.0
R_1DG236f8Cd5cekd,True,Opt_out,Share,20.0,1.0
R_1DMadqaLi1Ll7ze,False,Opt_in,Share,13.0,0.65
R_1DMadqaLi1Ll7ze,False,Opt_out,Share,7.0,0.35
R_1DMadqaLi1Ll7ze,True,Opt_in,Share,8.0,0.4
R_1DMadqaLi1Ll7ze,True,Opt_out,Share,12.0,0.6
R_1E0ZJxHCqKZc027,False,Opt_in,Share,20.0,1.0
R_1E0ZJxHCqKZc027,False,Opt_out,Share,0.0,0.0
R_1E0ZJxHCqKZc027,True,Opt_in,Share,20.0,1.0
R_1E0ZJxHCqKZc027,True,Opt_out,Share,0.0,0.0
R_1FJxjBatAaqX48U,False,Opt_in,Share,20.0,1.0
R_1FJxjBatAaqX48U,False,Opt_out,Share,0.0,0.0
R_1FJxjBatAaqX48U,True,Opt_in,Share,20.0,1.0
R_1FJxjBatAaqX48U,True,Opt_out,Share,0.0,0.0
R_1FqvP3aeUYOhsdm,False,Opt_in,Share,20.0,1.0
R_1FqvP3aeUYOhsdm,False,Opt_out,Share,0.0,0.0
R_1FqvP3aeUYOhsdm,True,Opt_in,Share,20.0,1.0
R_1FqvP3aeUYOhsdm,True,Opt_out,Share,0.0,0.0
R_1H1uQC4bI4dShGa,False,Opt_in,Share,20.0,1.0
R_1H1uQC4bI4dShGa,False,Opt_out,Share,0.0,0.0
R_1H1uQC4bI4dShGa,True,Opt_in,Share,20.0,1.0
R_1H1uQC4bI4dShGa,True,Opt_out,Share,0.0,0.0
R_1IoMdraaJgvENmD,False,Opt_in,Share,8.0,0.4
R_1IoMdraaJgvENmD,False,Opt_out,Share,12.0,0.6
R_1IoMdraaJgvENmD,True,Opt_in,Share,9.0,0.45
R_1IoMdraaJgvENmD,True,Opt_out,Share,11.0,0.55
R_1KpdIzuO6dvLVer,False,Opt_in,Share,20.0,1.0
R_1KpdIzuO6dvLVer,False,Opt_out,Share,0.0,0.0
R_1KpdIzuO6dvLVer,True,Opt_in,Share,20.0,1.0
R_1KpdIzuO6dvLVer,True,Opt_out,Share,0.0,0.0
R_1KuSwZEIlDpGNhg,False,Opt_in,Share,0.0,0.0
R_1KuSwZEIlDpGNhg,False,Opt_out,Share,20.0,1.0
R_1KuSwZEIlDpGNhg,True,Opt_in,Share,0.0,0.0
R_1KuSwZEIlDpGNhg,True,Opt_out,Share,20.0,1.0
R_1LiCYQeIXtKmBbt,False,Opt_in,Share,20.0,1.0
R_1LiCYQeIXtKmBbt,False,Opt_out,Share,0.0,0.0
R_1LiCYQeIXtKmBbt,True,Opt_in,Share,20.0,1.0
R_1LiCYQeIXtKmBbt,True,Opt_out,Share,0.0,0.0
R_1M6a1gNMUoqtgKr,False,Opt_in,Share,20.0,1.0
R_1M6a1gNMUoqtgKr,False,Opt_out,Share,0.0,0.0
R_1M6a1gNMUoqtgKr,True,Opt_in,Share,20.0,1.0
R_1M6a1gNMUoqtgKr,True,Opt_out,Share,0.0,0.0
R_1M8pJrwR5pnmuQh,False,Opt_in,Share,20.0,1.0
R_1M8pJrwR5pnmuQh,False,Opt_out,Share,0.0,0.0
R_1M8pJrwR5pnmuQh,True,Opt_in,Share,20.0,1.0
R_1M8pJrwR5pnmuQh,True,Opt_out,Share,0.0,0.0
R_1MKCiTwscCgHhVA,False,Opt_in,Share,0.0,0.0
R_1MKCiTwscCgHhVA,False,Opt_out,Share,20.0,1.0
R_1MKCiTwscCgHhVA,True,Opt_in,Share,0.0,0.0
R_1MKCiTwscCgHhVA,True,Opt_out,Share,20.0,1.0
R_1MQK9YsoRgMEfJC,False,Opt_in,Share,14.0,0.7
R_1MQK9YsoRgMEfJC,False,Opt_out,Share,6.0,0.3
R_1MQK9YsoRgMEfJC,True,Opt_in,Share,3.0,0.15
R_1MQK9YsoRgMEfJC,True,Opt_out,Share,17.0,0.85
R_1MQlVOJAOSEoban,False,Opt_in,Share,19.0,0.95
R_1MQlVOJAOSEoban,False,Opt_out,Share,1.0,0.05
R_1MQlVOJAOSEoban,True,Opt_in,Share,18.0,0.9
R_1MQlVOJAOSEoban,True,Opt_out,Share,2.0,0.1
R_1MXUi7SOWSvXxUq,False,Opt_in,Share,20.0,1.0
R_1MXUi7SOWSvXxUq,False,Opt_out,Share,0.0,0.0
R_1MXUi7SOWSvXxUq,True,Opt_in,Share,20.0,1.0
R_1MXUi7SOWSvXxUq,True,Opt_out,Share,0.0,0.0
R_1NUyPv0JjDoxh5L,False,Opt_in,Share,20.0,1.0
R_1NUyPv0JjDoxh5L,False,Opt_out,Share,0.0,0.0
R_1NUyPv0JjDoxh5L,True,Opt_in,Share,20.0,1.0
R_1NUyPv0JjDoxh5L,True,Opt_out,Share,0.0,0.0
R_1NfF5kmu3K2VQUR,False,Opt_in,Share,14.0,0.7
R_1NfF5kmu3K2VQUR,False,Opt_out,Share,6.0,0.3
R_1NfF5kmu3K2VQUR,True,Opt_in,Share,14.0,0.7
R_1NfF5kmu3K2VQUR,True,Opt_out,Share,6.0,0.3
R_1OBOhQOqsJP89vE,False,Opt_in,Share,3.0,0.15
R_1OBOhQOqsJP89vE,False,Opt_out,Share,17.0,0.85
R_1OBOhQOqsJP89vE,True,Opt_in,Share,7.0,0.35
R_1OBOhQOqsJP89vE,True,Opt_out,Share,13.0,0.65
R_1OCEHAji7zdhwpP,False,Opt_in,Share,7.0,0.35
R_1OCEHAji7zdhwpP,False,Opt_out,Share,13.0,0.65
R_1OCEHAji7zdhwpP,True,Opt_in,Share,8.0,0.4
R_1OCEHAji7zdhwpP,True,Opt_out,Share,12.0,0.6
R_1OIxHoDwHQwq5xF,False,Opt_in,Share,3.0,0.15
R_1OIxHoDwHQwq5xF,False,Opt_out,Share,17.0,0.85
R_1OIxHoDwHQwq5xF,True,Opt_in,Share,3.0,0.15
R_1OIxHoDwHQwq5xF,True,Opt_out,Share,17.0,0.85
R_1PRVRolu1Rlq1iH,False,Opt_in,Share,0.0,0.0
R_1PRVRolu1Rlq1iH,False,Opt_out,Share,20.0,1.0
R_1PRVRolu1Rlq1iH,True,Opt_in,Share,0.0,0.0
R_1PRVRolu1Rlq1iH,True,Opt_out,Share,20.0,1.0
R_1Qfw1THze0ziNaS,False,Opt_in,Share,20.0,1.0
R_1Qfw1THze0ziNaS,False,Opt_out,Share,0.0,0.0
R_1Qfw1THze0ziNaS,True,Opt_in,Share,20.0,1.0
R_1Qfw1THze0ziNaS,True,Opt_out,Share,0.0,0.0
R_1QuwpzgkLxEcBQy,False,Opt_in,Share,2.0,0.1
R_1QuwpzgkLxEcBQy,False,Opt_out,Share,18.0,0.9
R_1QuwpzgkLxEcBQy,True,Opt_in,Share,9.0,0.45
R_1QuwpzgkLxEcBQy,True,Opt_out,Share,11.0,0.55
R_1d0nNedpvMe4oj3,False,Opt_in,Share,19.0,0.95
R_1d0nNedpvMe4oj3,False,Opt_out,Share,1.0,0.05
R_1d0nNedpvMe4oj3,True,Opt_in,Share,20.0,1.0
R_1d0nNedpvMe4oj3,True,Opt_out,Share,0.0,0.0
R_1ds0rM8y4HXmHvU,False,Opt_in,Share,13.0,0.65
R_1ds0rM8y4HXmHvU,False,Opt_out,Share,7.0,0.35
R_1ds0rM8y4HXmHvU,True,Opt_in,Share,18.0,0.9
R_1ds0rM8y4HXmHvU,True,Opt_out,Share,2.0,0.1
R_1eV0rRdi8SuqMoS,False,Opt_in,Share,20.0,1.0
R_1eV0rRdi8SuqMoS,False,Opt_out,Share,0.0,0.0
R_1eV0rRdi8SuqMoS,True,Opt_in,Share,20.0,1.0
R_1eV0rRdi8SuqMoS,True,Opt_out,Share,0.0,0.0
R_1et7XUxaeZIBhwu,False,Opt_in,Share,18.0,0.9
R_1et7XUxaeZIBhwu,False,Opt_out,Share,2.0,0.1
R_1et7XUxaeZIBhwu,True,Opt_in,Share,20.0,1.0
R_1et7XUxaeZIBhwu,True,Opt_out,Share,0.0,0.0
R_1gIyJiLgI8ADewD,False,Opt_in,Share,17.0,0.85
R_1gIyJiLgI8ADewD,False,Opt_out,Share,3.0,0.15
R_1gIyJiLgI8ADewD,True,Opt_in,Share,18.0,0.9
R_1gIyJiLgI8ADewD,True,Opt_out,Share,2.0,0.1
R_1gcCfJU2ESen0vZ,False,Opt_in,Share,20.0,1.0
R_1gcCfJU2ESen0vZ,False,Opt_out,Share,0.0,0.0
R_1gcCfJU2ESen0vZ,True,Opt_in,Share,20.0,1.0
R_1gcCfJU2ESen0vZ,True,Opt_out,Share,0.0,0.0
R_1gjfnMAAyJlCPtH,False,Opt_in,Share,20.0,1.0
R_1gjfnMAAyJlCPtH,False,Opt_out,Share,0.0,0.0
R_1gjfnMAAyJlCPtH,True,Opt_in,Share,20.0,1.0
R_1gjfnMAAyJlCPtH,True,Opt_out,Share,0.0,0.0
R_1gqAFjhOSkwI6p6,False,Opt_in,Share,20.0,1.0
R_1gqAFjhOSkwI6p6,False,Opt_out,Share,0.0,0.0
R_1gqAFjhOSkwI6p6,True,Opt_in,Share,20.0,1.0
R_1gqAFjhOSkwI6p6,True,Opt_out,Share,0.0,0.0
R_1hK19ZCTQFTjYKS,False,Opt_in,Share,18.0,0.9
R_1hK19ZCTQFTjYKS,False,Opt_out,Share,2.0,0.1
R_1hK19ZCTQFTjYKS,True,Opt_in,Share,20.0,1.0
R_1hK19ZCTQFTjYKS,True,Opt_out,Share,0.0,0.0
R_1igpVWddWuexxfq,False,Opt_in,Share,20.0,1.0
R_1igpVWddWuexxfq,False,Opt_out,Share,0.0,0.0
R_1igpVWddWuexxfq,True,Opt_in,Share,20.0,1.0
R_1igpVWddWuexxfq,True,Opt_out,Share,0.0,0.0
R_1ik8DIcTWZc0Taq,False,Opt_in,Share,20.0,1.0
R_1ik8DIcTWZc0Taq,False,Opt_out,Share,0.0,0.0
R_1ik8DIcTWZc0Taq,True,Opt_in,Share,20.0,1.0
R_1ik8DIcTWZc0Taq,True,Opt_out,Share,0.0,0.0
R_1j9Zem4Vin9tblB,False,Opt_in,Share,20.0,1.0
R_1j9Zem4Vin9tblB,False,Opt_out,Share,0.0,0.0
R_1j9Zem4Vin9tblB,True,Opt_in,Share,20.0,1.0
R_1j9Zem4Vin9tblB,True,Opt_out,Share,0.0,0.0
R_1jIWXuV1V5rYq9c,False,Opt_in,Share,0.0,0.0
R_1jIWXuV1V5rYq9c,False,Opt_out,Share,20.0,1.0
R_1jIWXuV1V5rYq9c,True,Opt_in,Share,0.0,0.0
R_1jIWXuV1V5rYq9c,True,Opt_out,Share,20.0,1.0
R_1kF7te20YLh9rmA,False,Opt_in,Share,7.0,0.35
R_1kF7te20YLh9rmA,False,Opt_out,Share,13.0,0.65
R_1kF7te20YLh9rmA,True,Opt_in,Share,19.0,0.95
R_1kF7te20YLh9rmA,True,Opt_out,Share,1.0,0.05
R_1kYAYgVQugmUz13,False,Opt_in,Share,0.0,0.0
R_1kYAYgVQugmUz13,False,Opt_out,Share,20.0,1.0
R_1kYAYgVQugmUz13,True,Opt_in,Share,1.0,0.05
R_1kYAYgVQugmUz13,True,Opt_out,Share,19.0,0.95
R_1n3bHgr2K722kWY,False,Opt_in,Share,8.0,0.4
R_1n3bHgr2K722kWY,False,Opt_out,Share,12.0,0.6
R_1n3bHgr2K722kWY,True,Opt_in,Share,13.0,0.65
R_1n3bHgr2K722kWY,True,Opt_out,Share,7.0,0.35
R_1o5X2Zg06ST65RA,False,Opt_in,Share,20.0,1.0
R_1o5X2Zg06ST65RA,False,Opt_out,Share,0.0,0.0
R_1o5X2Zg06ST65RA,True,Opt_in,Share,20.0,1.0
R_1o5X2Zg06ST65RA,True,Opt_out,Share,0.0,0.0
R_1o6J8i7OMLPeL2v,False,Opt_in,Share,1.0,0.05
R_1o6J8i7OMLPeL2v,False,Opt_out,Share,19.0,0.95
R_1o6J8i7OMLPeL2v,True,Opt_in,Share,4.0,0.2
R_1o6J8i7OMLPeL2v,True,Opt_out,Share,16.0,0.8
R_1pY97KfPb9lMwFI,False,Opt_in,Share,20.0,1.0
R_1pY97KfPb9lMwFI,False,Opt_out,Share,0.0,0.0
R_1pY97KfPb9lMwFI,True,Opt_in,Share,20.0,1.0
R_1pY97KfPb9lMwFI,True,Opt_out,Share,0.0,0.0
R_1q1GzXK8F0DlVHQ,False,Opt_in,Share,20.0,1.0
R_1q1GzXK8F0DlVHQ,False,Opt_out,Share,0.0,0.0
R_1q1GzXK8F0DlVHQ,True,Opt_in,Share,19.0,0.95
R_1q1GzXK8F0DlVHQ,True,Opt_out,Share,1.0,0.05
R_1q3cVsEj5mXI7qs,False,Opt_in,Share,0.0,0.0
R_1q3cVsEj5mXI7qs,False,Opt_out,Share,20.0,1.0
R_1q3cVsEj5mXI7qs,True,Opt_in,Share,0.0,0.0
R_1q3cVsEj5mXI7qs,True,Opt_out,Share,20.0,1.0
R_1rDMRFxUrYTliYK,False,Opt_in,Share,5.0,0.25
R_1rDMRFxUrYTliYK,False,Opt_out,Share,15.0,0.75
R_1rDMRFxUrYTliYK,True,Opt_in,Share,5.0,0.25
R_1rDMRFxUrYTliYK,True,Opt_out,Share,15.0,0.75
R_1rNQXZodaTSiqr3,False,Opt_in,Share,2.0,0.1
R_1rNQXZodaTSiqr3,False,Opt_out,Share,18.0,0.9
R_1rNQXZodaTSiqr3,True,Opt_in,Share,6.0,0.3
R_1rNQXZodaTSiqr3,True,Opt_out,Share,14.0,0.7
R_1rcZzMGtLsrlgnO,False,Opt_in,Share,20.0,1.0
R_1rcZzMGtLsrlgnO,False,Opt_out,Share,0.0,0.0
R_1rcZzMGtLsrlgnO,True,Opt_in,Share,20.0,1.0
R_1rcZzMGtLsrlgnO,True,Opt_out,Share,0.0,0.0
R_1rxEoDQFgp6zjGM,False,Opt_in,Share,0.0,0.0
R_1rxEoDQFgp6zjGM,False,Opt_out,Share,20.0,1.0
R_1rxEoDQFgp6zjGM,True,Opt_in,Share,0.0,0.0
R_1rxEoDQFgp6zjGM,True,Opt_out,Share,20.0,1.0
R_20M1wh4cXljKNfz,False,Opt_in,Share,20.0,1.0
R_20M1wh4cXljKNfz,False,Opt_out,Share,0.0,0.0
R_20M1wh4cXljKNfz,True,Opt_in,Share,20.0,1.0
R_20M1wh4cXljKNfz,True,Opt_out,Share,0.0,0.0
R_21u3jtyKHiDv7bu,False,Opt_in,Share,0.0,0.0
R_21u3jtyKHiDv7bu,False,Opt_out,Share,20.0,1.0
R_21u3jtyKHiDv7bu,True,Opt_in,Share,0.0,0.0
R_21u3jtyKHiDv7bu,True,Opt_out,Share,20.0,1.0
R_21yUVfK2I0saoIH,False,Opt_in,Share,20.0,1.0
R_21yUVfK2I0saoIH,False,Opt_out,Share,0.0,0.0
R_21yUVfK2I0saoIH,True,Opt_in,Share,20.0,1.0
R_21yUVfK2I0saoIH,True,Opt_out,Share,0.0,0.0
R_21zBQ6IyZCBwzAj,False,Opt_in,Share,2.0,0.1
R_21zBQ6IyZCBwzAj,False,Opt_out,Share,18.0,0.9
R_21zBQ6IyZCBwzAj,True,Opt_in,Share,4.0,0.2
R_21zBQ6IyZCBwzAj,True,Opt_out,Share,16.0,0.8
R_22DHAPts0QGGjHB,False,Opt_in,Share,20.0,1.0
R_22DHAPts0QGGjHB,False,Opt_out,Share,0.0,0.0
R_22DHAPts0QGGjHB,True,Opt_in,Share,20.0,1.0
R_22DHAPts0QGGjHB,True,Opt_out,Share,0.0,0.0
R_22t55TvB4oD5Nfq,False,Opt_in,Share,20.0,1.0
R_22t55TvB4oD5Nfq,False,Opt_out,Share,0.0,0.0
R_22t55TvB4oD5Nfq,True,Opt_in,Share,20.0,1.0
R_22t55TvB4oD5Nfq,True,Opt_out,Share,0.0,0.0
R_23TNLeW4UdHFCtI,False,Opt_in,Share,8.0,0.4
R_23TNLeW4UdHFCtI,False,Opt_out,Share,12.0,0.6
R_23TNLeW4UdHFCtI,True,Opt_in,Share,20.0,1.0
R_23TNLeW4UdHFCtI,True,Opt_out,Share,0.0,0.0
R_23ggG1VwpQOZ7JZ,False,Opt_in,Share,9.0,0.45
R_23ggG1VwpQOZ7JZ,False,Opt_out,Share,11.0,0.55
R_23ggG1VwpQOZ7JZ,True,Opt_in,Share,9.0,0.45
R_23ggG1VwpQOZ7JZ,True,Opt_out,Share,11.0,0.55
R_25TjZ7d3PlmfPdo,False,Opt_in,Share,5.0,0.25
R_25TjZ7d3PlmfPdo,False,Opt_out,Share,15.0,0.75
R_25TjZ7d3PlmfPdo,True,Opt_in,Share,5.0,0.25
R_25TjZ7d3PlmfPdo,True,Opt_out,Share,15.0,0.75
R_268A2I64Tu6k8Ru,False,Opt_in,Share,13.0,0.65
R_268A2I64Tu6k8Ru,False,Opt_out,Share,7.0,0.35
R_268A2I64Tu6k8Ru,True,Opt_in,Share,8.0,0.4
R_268A2I64Tu6k8Ru,True,Opt_out,Share,12.0,0.6
R_278dDkowd39pclE,False,Opt_in,Share,7.0,0.35
R_278dDkowd39pclE,False,Opt_out,Share,13.0,0.65
R_278dDkowd39pclE,True,Opt_in,Share,3.0,0.15
R_278dDkowd39pclE,True,Opt_out,Share,17.0,0.85
R_27erEug7UsfQfxg,False,Opt_in,Share,3.0,0.15
R_27erEug7UsfQfxg,False,Opt_out,Share,17.0,0.85
R_27erEug7UsfQfxg,True,Opt_in,Share,11.0,0.55
R_27erEug7UsfQfxg,True,Opt_out,Share,9.0,0.45
R_28YiBs1t6LL4NBy,False,Opt_in,Share,0.0,0.0
R_28YiBs1t6LL4NBy,False,Opt_out,Share,20.0,1.0
R_28YiBs1t6LL4NBy,True,Opt_in,Share,0.0,0.0
R_28YiBs1t6LL4NBy,True,Opt_out,Share,20.0,1.0
R_29ubTskiB3ZsYr6,False,Opt_in,Share,20.0,1.0
R_29ubTskiB3ZsYr6,False,Opt_out,Share,0.0,0.0
R_29ubTskiB3ZsYr6,True,Opt_in,Share,20.0,1.0
R_29ubTskiB3ZsYr6,True,Opt_out,Share,0.0,0.0
R_2AFJQoX8KtbkMwG,False,Opt_in,Share,20.0,1.0
R_2AFJQoX8KtbkMwG,False,Opt_out,Share,0.0,0.0
R_2AFJQoX8KtbkMwG,True,Opt_in,Share,20.0,1.0
R_2AFJQoX8KtbkMwG,True,Opt_out,Share,0.0,0.0
R_2AHcnRPaasp4x4q,False,Opt_in,Share,20.0,1.0
R_2AHcnRPaasp4x4q,False,Opt_out,Share,0.0,0.0
R_2AHcnRPaasp4x4q,True,Opt_in,Share,20.0,1.0
R_2AHcnRPaasp4x4q,True,Opt_out,Share,0.0,0.0
R_2ALJh8r8nLTTHl7,False,Opt_in,Share,9.0,0.45
R_2ALJh8r8nLTTHl7,False,Opt_out,Share,11.0,0.55
R_2ALJh8r8nLTTHl7,True,Opt_in,Share,7.0,0.35
R_2ALJh8r8nLTTHl7,True,Opt_out,Share,13.0,0.65
R_2AM5ACY4viaLEX0,False,Opt_in,Share,20.0,1.0
R_2AM5ACY4viaLEX0,False,Opt_out,Share,0.0,0.0
R_2AM5ACY4viaLEX0,True,Opt_in,Share,20.0,1.0
R_2AM5ACY4viaLEX0,True,Opt_out,Share,0.0,0.0
R_2ATGUadHoxeotK6,False,Opt_in,Share,4.0,0.2
R_2ATGUadHoxeotK6,False,Opt_out,Share,16.0,0.8
R_2ATGUadHoxeotK6,True,Opt_in,Share,2.0,0.1
R_2ATGUadHoxeotK6,True,Opt_out,Share,18.0,0.9
R_2AXsH7bQVDBO5yy,False,Opt_in,Share,18.0,0.9
R_2AXsH7bQVDBO5yy,False,Opt_out,Share,2.0,0.1
R_2AXsH7bQVDBO5yy,True,Opt_in,Share,19.0,0.95
R_2AXsH7bQVDBO5yy,True,Opt_out,Share,1.0,0.05
R_2AZjHqAjKNgaH6Z,False,Opt_in,Share,8.0,0.4
R_2AZjHqAjKNgaH6Z,False,Opt_out,Share,12.0,0.6
R_2AZjHqAjKNgaH6Z,True,Opt_in,Share,2.0,0.1
R_2AZjHqAjKNgaH6Z,True,Opt_out,Share,18.0,0.9
R_2BmR1yiQmXwnEwt,False,Opt_in,Share,20.0,1.0
R_2BmR1yiQmXwnEwt,False,Opt_out,Share,0.0,0.0
R_2BmR1yiQmXwnEwt,True,Opt_in,Share,20.0,1.0
R_2BmR1yiQmXwnEwt,True,Opt_out,Share,0.0,0.0
R_2BrlRNRrjv9V7Jm,False,Opt_in,Share,18.0,0.9
R_2BrlRNRrjv9V7Jm,False,Opt_out,Share,2.0,0.1
R_2BrlRNRrjv9V7Jm,True,Opt_in,Share,14.0,0.7
R_2BrlRNRrjv9V7Jm,True,Opt_out,Share,6.0,0.3
R_2Bu1CYffu01I1dz,False,Opt_in,Share,0.0,0.0
R_2Bu1CYffu01I1dz,False,Opt_out,Share,20.0,1.0
R_2Bu1CYffu01I1dz,True,Opt_in,Share,0.0,0.0
R_2Bu1CYffu01I1dz,True,Opt_out,Share,20.0,1.0
R_2CVtlpNQCd4TsgJ,False,Opt_in,Share,18.0,0.9
R_2CVtlpNQCd4TsgJ,False,Opt_out,Share,2.0,0.1
R_2CVtlpNQCd4TsgJ,True,Opt_in,Share,16.0,0.8
R_2CVtlpNQCd4TsgJ,True,Opt_out,Share,4.0,0.2
R_2CvPJuRbfQ939Jv,False,Opt_in,Share,2.0,0.1
R_2CvPJuRbfQ939Jv,False,Opt_out,Share,18.0,0.9
R_2CvPJuRbfQ939Jv,True,Opt_in,Share,6.0,0.3
R_2CvPJuRbfQ939Jv,True,Opt_out,Share,14.0,0.7
R_2DS1Qcnfxc5NrkB,False,Opt_in,Share,20.0,1.0
R_2DS1Qcnfxc5NrkB,False,Opt_out,Share,0.0,0.0
R_2DS1Qcnfxc5NrkB,True,Opt_in,Share,20.0,1.0
R_2DS1Qcnfxc5NrkB,True,Opt_out,Share,0.0,0.0
R_2EiQl72DOvXD6Ts,False,Opt_in,Share,3.0,0.15
R_2EiQl72DOvXD6Ts,False,Opt_out,Share,17.0,0.85
R_2EiQl72DOvXD6Ts,True,Opt_in,Share,3.0,0.15
R_2EiQl72DOvXD6Ts,True,Opt_out,Share,17.0,0.85
R_2EiW19zFxGD2sva,False,Opt_in,Share,19.0,0.95
R_2EiW19zFxGD2sva,False,Opt_out,Share,1.0,0.05
R_2EiW19zFxGD2sva,True,Opt_in,Share,20.0,1.0
R_2EiW19zFxGD2sva,True,Opt_out,Share,0.0,0.0
R_2EtQqDtClY3baKp,False,Opt_in,Share,2.0,0.1
R_2EtQqDtClY3baKp,False,Opt_out,Share,18.0,0.9
R_2EtQqDtClY3baKp,True,Opt_in,Share,5.0,0.25
R_2EtQqDtClY3baKp,True,Opt_out,Share,15.0,0.75
R_2ExT1LBPFDggLvC,False,Opt_in,Share,11.0,0.55
R_2ExT1LBPFDggLvC,False,Opt_out,Share,9.0,0.45
R_2ExT1LBPFDggLvC,True,Opt_in,Share,16.0,0.8
R_2ExT1LBPFDggLvC,True,Opt_out,Share,4.0,0.2
R_2EyiVjFazjQIm8a,False,Opt_in,Share,2.0,0.1
R_2EyiVjFazjQIm8a,False,Opt_out,Share,18.0,0.9
R_2EyiVjFazjQIm8a,True,Opt_in,Share,7.0,0.35
R_2EyiVjFazjQIm8a,True,Opt_out,Share,13.0,0.65
R_2OVydofVhyy5MkU,False,Opt_in,Share,0.0,0.0
R_2OVydofVhyy5MkU,False,Opt_out,Share,20.0,1.0
R_2OVydofVhyy5MkU,True,Opt_in,Share,0.0,0.0
R_2OVydofVhyy5MkU,True,Opt_out,Share,20.0,1.0
R_2P6DXhmXhW0mjZA,False,Opt_in,Share,20.0,1.0
R_2P6DXhmXhW0mjZA,False,Opt_out,Share,0.0,0.0
R_2P6DXhmXhW0mjZA,True,Opt_in,Share,19.0,0.95
R_2P6DXhmXhW0mjZA,True,Opt_out,Share,1.0,0.05
R_2P6VjONlR5SZXg5,False,Opt_in,Share,0.0,0.0
R_2P6VjONlR5SZXg5,False,Opt_out,Share,20.0,1.0
R_2P6VjONlR5SZXg5,True,Opt_in,Share,0.0,0.0
R_2P6VjONlR5SZXg5,True,Opt_out,Share,20.0,1.0
R_2P83I56OzxqG0O2,False,Opt_in,Share,20.0,1.0
R_2P83I56OzxqG0O2,False,Opt_out,Share,0.0,0.0
R_2P83I56OzxqG0O2,True,Opt_in,Share,20.0,1.0
R_2P83I56OzxqG0O2,True,Opt_out,Share,0.0,0.0
R_2PBU60LyWrMkIKB,False,Opt_in,Share,20.0,1.0
R_2PBU60LyWrMkIKB,False,Opt_out,Share,0.0,0.0
R_2PBU60LyWrMkIKB,True,Opt_in,Share,20.0,1.0
R_2PBU60LyWrMkIKB,True,Opt_out,Share,0.0,0.0
R_2Pkf3QnI8IldLaY,False,Opt_in,Share,1.0,0.05
R_2Pkf3QnI8IldLaY,False,Opt_out,Share,19.0,0.95
R_2Pkf3QnI8IldLaY,True,Opt_in,Share,5.0,0.25
R_2Pkf3QnI8IldLaY,True,Opt_out,Share,15.0,0.75
R_2QY5RIaivxC9zhn,False,Opt_in,Share,10.0,0.5
R_2QY5RIaivxC9zhn,False,Opt_out,Share,10.0,0.5
R_2QY5RIaivxC9zhn,True,Opt_in,Share,7.0,0.35
R_2QY5RIaivxC9zhn,True,Opt_out,Share,13.0,0.65
R_2QomWi8NwxTuR3k,False,Opt_in,Share,20.0,1.0
R_2QomWi8NwxTuR3k,False,Opt_out,Share,0.0,0.0
R_2QomWi8NwxTuR3k,True,Opt_in,Share,20.0,1.0
R_2QomWi8NwxTuR3k,True,Opt_out,Share,0.0,0.0
R_2QuQ1Qcbapp485u,False,Opt_in,Share,20.0,1.0
R_2QuQ1Qcbapp485u,False,Opt_out,Share,0.0,0.0
R_2QuQ1Qcbapp485u,True,Opt_in,Share,20.0,1.0
R_2QuQ1Qcbapp485u,True,Opt_out,Share,0.0,0.0
R_2RR399UCnsMHsSu,False,Opt_in,Share,3.0,0.15
R_2RR399UCnsMHsSu,False,Opt_out,Share,17.0,0.85
R_2RR399UCnsMHsSu,True,Opt_in,Share,9.0,0.45
R_2RR399UCnsMHsSu,True,Opt_out,Share,11.0,0.55
R_2SucYCAtJnsyHk2,False,Opt_in,Share,1.0,0.05
R_2SucYCAtJnsyHk2,False,Opt_out,Share,19.0,0.95
R_2SucYCAtJnsyHk2,True,Opt_in,Share,1.0,0.05
R_2SucYCAtJnsyHk2,True,Opt_out,Share,19.0,0.95
R_2TNm4Bxz6LBBve7,False,Opt_in,Share,12.0,0.6
R_2TNm4Bxz6LBBve7,False,Opt_out,Share,8.0,0.4
R_2TNm4Bxz6LBBve7,True,Opt_in,Share,6.0,0.3
R_2TNm4Bxz6LBBve7,True,Opt_out,Share,14.0,0.7
R_2TOiyXmf3ECTmqD,False,Opt_in,Share,20.0,1.0
R_2TOiyXmf3ECTmqD,False,Opt_out,Share,0.0,0.0
R_2TOiyXmf3ECTmqD,True,Opt_in,Share,20.0,1.0
R_2TOiyXmf3ECTmqD,True,Opt_out,Share,0.0,0.0
R_2U3JNBQt3kWFNUT,False,Opt_in,Share,20.0,1.0
R_2U3JNBQt3kWFNUT,False,Opt_out,Share,0.0,0.0
R_2U3JNBQt3kWFNUT,True,Opt_in,Share,20.0,1.0
R_2U3JNBQt3kWFNUT,True,Opt_out,Share,0.0,0.0
R_2UctEMW1AWw9u8y,False,Opt_in,Share,12.0,0.6
R_2UctEMW1AWw9u8y,False,Opt_out,Share,8.0,0.4
R_2UctEMW1AWw9u8y,True,Opt_in,Share,20.0,1.0
R_2UctEMW1AWw9u8y,True,Opt_out,Share,0.0,0.0
R_2V9g3jhhT5cJWus,False,Opt_in,Share,16.0,0.8
R_2V9g3jhhT5cJWus,False,Opt_out,Share,4.0,0.2
R_2V9g3jhhT5cJWus,True,Opt_in,Share,19.0,0.95
R_2V9g3jhhT5cJWus,True,Opt_out,Share,1.0,0.05
R_2VCk0Gu0p4RrWt1,False,Opt_in,Share,20.0,1.0
R_2VCk0Gu0p4RrWt1,False,Opt_out,Share,0.0,0.0
R_2VCk0Gu0p4RrWt1,True,Opt_in,Share,20.0,1.0
R_2VCk0Gu0p4RrWt1,True,Opt_out,Share,0.0,0.0
R_2VEWbFj2q3n17Lg,False,Opt_in,Share,16.0,0.8
R_2VEWbFj2q3n17Lg,False,Opt_out,Share,4.0,0.2
R_2VEWbFj2q3n17Lg,True,Opt_in,Share,15.0,0.75
R_2VEWbFj2q3n17Lg,True,Opt_out,Share,5.0,0.25
R_2VdLropFJxsZ8b6,False,Opt_in,Share,20.0,1.0
R_2VdLropFJxsZ8b6,False,Opt_out,Share,0.0,0.0
R_2VdLropFJxsZ8b6,True,Opt_in,Share,20.0,1.0
R_2VdLropFJxsZ8b6,True,Opt_out,Share,0.0,0.0
R_2VscqWnAlz6QpnS,False,Opt_in,Share,5.0,0.25
R_2VscqWnAlz6QpnS,False,Opt_out,Share,15.0,0.75
R_2VscqWnAlz6QpnS,True,Opt_in,Share,6.0,0.3
R_2VscqWnAlz6QpnS,True,Opt_out,Share,14.0,0.7
R_2WvV4z50pffjLDn,False,Opt_in,Share,0.0,0.0
R_2WvV4z50pffjLDn,False,Opt_out,Share,20.0,1.0
R_2WvV4z50pffjLDn,True,Opt_in,Share,0.0,0.0
R_2WvV4z50pffjLDn,True,Opt_out,Share,20.0,1.0
R_2YRnsKN8EXIAEGi,False,Opt_in,Share,20.0,1.0
R_2YRnsKN8EXIAEGi,False,Opt_out,Share,0.0,0.0
R_2YRnsKN8EXIAEGi,True,Opt_in,Share,20.0,1.0
R_2YRnsKN8EXIAEGi,True,Opt_out,Share,0.0,0.0
R_2YzaupPMbO1yTXd,False,Opt_in,Share,4.0,0.2
R_2YzaupPMbO1yTXd,False,Opt_out,Share,16.0,0.8
R_2YzaupPMbO1yTXd,True,Opt_in,Share,6.0,0.3
R_2YzaupPMbO1yTXd,True,Opt_out,Share,14.0,0.7
R_2aLlr9aQcI7wS6Z,False,Opt_in,Share,0.0,0.0
R_2aLlr9aQcI7wS6Z,False,Opt_out,Share,20.0,1.0
R_2aLlr9aQcI7wS6Z,True,Opt_in,Share,0.0,0.0
R_2aLlr9aQcI7wS6Z,True,Opt_out,Share,20.0,1.0
R_2aPH0g03bl2z3af,False,Opt_in,Share,20.0,1.0
R_2aPH0g03bl2z3af,False,Opt_out,Share,0.0,0.0
R_2aPH0g03bl2z3af,True,Opt_in,Share,20.0,1.0
R_2aPH0g03bl2z3af,True,Opt_out,Share,0.0,0.0
R_2aQ6cQUJYBqPkL9,False,Opt_in,Share,5.0,0.25
R_2aQ6cQUJYBqPkL9,False,Opt_out,Share,15.0,0.75
R_2aQ6cQUJYBqPkL9,True,Opt_in,Share,6.0,0.3
R_2aQ6cQUJYBqPkL9,True,Opt_out,Share,14.0,0.7
R_2aU1p27PHU9hyjn,False,Opt_in,Share,19.0,0.95
R_2aU1p27PHU9hyjn,False,Opt_out,Share,1.0,0.05
R_2aU1p27PHU9hyjn,True,Opt_in,Share,20.0,1.0
R_2aU1p27PHU9hyjn,True,Opt_out,Share,0.0,0.0
R_2b2lLVWfCcZlLj8,False,Opt_in,Share,4.0,0.2
R_2b2lLVWfCcZlLj8,False,Opt_out,Share,16.0,0.8
R_2b2lLVWfCcZlLj8,True,Opt_in,Share,15.0,0.75
R_2b2lLVWfCcZlLj8,True,Opt_out,Share,5.0,0.25
R_2ciRsJQNfxQmDdw,False,Opt_in,Share,0.0,0.0
R_2ciRsJQNfxQmDdw,False,Opt_out,Share,20.0,1.0
R_2ciRsJQNfxQmDdw,True,Opt_in,Share,1.0,0.05
R_2ciRsJQNfxQmDdw,True,Opt_out,Share,19.0,0.95
R_2dS9u2KCrv02VWJ,False,Opt_in,Share,5.0,0.25
R_2dS9u2KCrv02VWJ,False,Opt_out,Share,15.0,0.75
R_2dS9u2KCrv02VWJ,True,Opt_in,Share,7.0,0.35
R_2dS9u2KCrv02VWJ,True,Opt_out,Share,13.0,0.65
R_2dfN656m4d1kQTZ,False,Opt_in,Share,20.0,1.0
R_2dfN656m4d1kQTZ,False,Opt_out,Share,0.0,0.0
R_2dfN656m4d1kQTZ,True,Opt_in,Share,20.0,1.0
R_2dfN656m4d1kQTZ,True,Opt_out,Share,0.0,0.0
R_2ebxpex1pa3MzVg,False,Opt_in,Share,6.0,0.3
R_2ebxpex1pa3MzVg,False,Opt_out,Share,14.0,0.7
R_2ebxpex1pa3MzVg,True,Opt_in,Share,9.0,0.45
R_2ebxpex1pa3MzVg,True,Opt_out,Share,11.0,0.55
R_2fiCTBU3dABC6Tz,False,Opt_in,Share,0.0,0.0
R_2fiCTBU3dABC6Tz,False,Opt_out,Share,20.0,1.0
R_2fiCTBU3dABC6Tz,True,Opt_in,Share,0.0,0.0
R_2fiCTBU3dABC6Tz,True,Opt_out,Share,20.0,1.0
R_2fyWR80kU4dYY0x,False,Opt_in,Share,20.0,1.0
R_2fyWR80kU4dYY0x,False,Opt_out,Share,0.0,0.0
R_2fyWR80kU4dYY0x,True,Opt_in,Share,20.0,1.0
R_2fyWR80kU4dYY0x,True,Opt_out,Share,0.0,0.0
R_2pMneDXRY6DhR0L,False,Opt_in,Share,20.0,1.0
R_2pMneDXRY6DhR0L,False,Opt_out,Share,0.0,0.0
R_2pMneDXRY6DhR0L,True,Opt_in,Share,20.0,1.0
R_2pMneDXRY6DhR0L,True,Opt_out,Share,0.0,0.0
R_2q9ilyspotrf7Ay,False,Opt_in,Share,0.0,0.0
R_2q9ilyspotrf7Ay,False,Opt_out,Share,20.0,1.0
R_2q9ilyspotrf7Ay,True,Opt_in,Share,1.0,0.05
R_2q9ilyspotrf7Ay,True,Opt_out,Share,19.0,0.95
R_2rGhmXp9xtN4xpp,False,Opt_in,Share,6.0,0.3
R_2rGhmXp9xtN4xpp,False,Opt_out,Share,14.0,0.7
R_2rGhmXp9xtN4xpp,True,Opt_in,Share,11.0,0.55
R_2rGhmXp9xtN4xpp,True,Opt_out,Share,9.0,0.45
R_2riSh5xHMUI38Rp,False,Opt_in,Share,19.0,0.95
R_2riSh5xHMUI38Rp,False,Opt_out,Share,1.0,0.05
R_2riSh5xHMUI38Rp,True,Opt_in,Share,20.0,1.0
R_2riSh5xHMUI38Rp,True,Opt_out,Share,0.0,0.0
R_2ru9EmczqBycEk2,False,Opt_in,Share,15.0,0.75
R_2ru9EmczqBycEk2,False,Opt_out,Share,5.0,0.25
R_2ru9EmczqBycEk2,True,Opt_in,Share,11.0,0.55
R_2ru9EmczqBycEk2,True,Opt_out,Share,9.0,0.45
R_2rvyE03cbSUNQEa,False,Opt_in,Share,2.0,0.1
R_2rvyE03cbSUNQEa,False,Opt_out,Share,18.0,0.9
R_2rvyE03cbSUNQEa,True,Opt_in,Share,3.0,0.15
R_2rvyE03cbSUNQEa,True,Opt_out,Share,17.0,0.85
R_2s1MglDnM4Zxdkx,False,Opt_in,Share,3.0,0.15
R_2s1MglDnM4Zxdkx,False,Opt_out,Share,17.0,0.85
R_2s1MglDnM4Zxdkx,True,Opt_in,Share,7.0,0.35
R_2s1MglDnM4Zxdkx,True,Opt_out,Share,13.0,0.65
R_2sTlOU7AxDGC3Wd,False,Opt_in,Share,19.0,0.95
R_2sTlOU7AxDGC3Wd,False,Opt_out,Share,1.0,0.05
R_2sTlOU7AxDGC3Wd,True,Opt_in,Share,19.0,0.95
R_2sTlOU7AxDGC3Wd,True,Opt_out,Share,1.0,0.05
R_2teV1drd2Qsw1kI,False,Opt_in,Share,20.0,1.0
R_2teV1drd2Qsw1kI,False,Opt_out,Share,0.0,0.0
R_2teV1drd2Qsw1kI,True,Opt_in,Share,19.0,0.95
R_2teV1drd2Qsw1kI,True,Opt_out,Share,1.0,0.05
R_2tg6hhjpzrl0au7,False,Opt_in,Share,9.0,0.45
R_2tg6hhjpzrl0au7,False,Opt_out,Share,11.0,0.55
R_2tg6hhjpzrl0au7,True,Opt_in,Share,12.0,0.6
R_2tg6hhjpzrl0au7,True,Opt_out,Share,8.0,0.4
R_2tkXPPUoRG6dPWS,False,Opt_in,Share,20.0,1.0
R_2tkXPPUoRG6dPWS,False,Opt_out,Share,0.0,0.0
R_2tkXPPUoRG6dPWS,True,Opt_in,Share,20.0,1.0
R_2tkXPPUoRG6dPWS,True,Opt_out,Share,0.0,0.0
R_2tsuJqYnu7o79lG,False,Opt_in,Share,4.0,0.2
R_2tsuJqYnu7o79lG,False,Opt_out,Share,16.0,0.8
R_2tsuJqYnu7o79lG,True,Opt_in,Share,11.0,0.55
R_2tsuJqYnu7o79lG,True,Opt_out,Share,9.0,0.45
R_2v8pXc8PWneJp2H,False,Opt_in,Share,17.0,0.85
R_2v8pXc8PWneJp2H,False,Opt_out,Share,3.0,0.15
R_2v8pXc8PWneJp2H,True,Opt_in,Share,14.0,0.7
R_2v8pXc8PWneJp2H,True,Opt_out,Share,6.0,0.3
R_2wFB4zecdhaWCHR,False,Opt_in,Share,7.0,0.35
R_2wFB4zecdhaWCHR,False,Opt_out,Share,13.0,0.65
R_2wFB4zecdhaWCHR,True,Opt_in,Share,8.0,0.4
R_2wFB4zecdhaWCHR,True,Opt_out,Share,12.0,0.6
R_2zAX2l2nhM3l90T,False,Opt_in,Share,20.0,1.0
R_2zAX2l2nhM3l90T,False,Opt_out,Share,0.0,0.0
R_2zAX2l2nhM3l90T,True,Opt_in,Share,20.0,1.0
R_2zAX2l2nhM3l90T,True,Opt_out,Share,0.0,0.0
R_2zYe4zABLlBGNDf,False,Opt_in,Share,0.0,0.0
R_2zYe4zABLlBGNDf,False,Opt_out,Share,20.0,1.0
R_2zYe4zABLlBGNDf,True,Opt_in,Share,0.0,0.0
R_2zYe4zABLlBGNDf,True,Opt_out,Share,20.0,1.0
R_2zZ3M37yOklgtL5,False,Opt_in,Share,20.0,1.0
R_2zZ3M37yOklgtL5,False,Opt_out,Share,0.0,0.0
R_2zZ3M37yOklgtL5,True,Opt_in,Share,20.0,1.0
R_2zZ3M37yOklgtL5,True,Opt_out,Share,0.0,0.0
R_30o7e5QpVPes6W6,False,Opt_in,Share,20.0,1.0
R_30o7e5QpVPes6W6,False,Opt_out,Share,0.0,0.0
R_30o7e5QpVPes6W6,True,Opt_in,Share,20.0,1.0
R_30o7e5QpVPes6W6,True,Opt_out,Share,0.0,0.0
R_31Hhil5he1W4p5R,False,Opt_in,Share,13.0,0.65
R_31Hhil5he1W4p5R,False,Opt_out,Share,7.0,0.35
R_31Hhil5he1W4p5R,True,Opt_in,Share,16.0,0.8
R_31Hhil5he1W4p5R,True,Opt_out,Share,4.0,0.2
R_31dBFWceuGWaN6B,False,Opt_in,Share,20.0,1.0
R_31dBFWceuGWaN6B,False,Opt_out,Share,0.0,0.0
R_31dBFWceuGWaN6B,True,Opt_in,Share,20.0,1.0
R_31dBFWceuGWaN6B,True,Opt_out,Share,0.0,0.0
R_31u95LQ3FqxctJN,False,Opt_in,Share,0.0,0.0
R_31u95LQ3FqxctJN,False,Opt_out,Share,20.0,1.0
R_31u95LQ3FqxctJN,True,Opt_in,Share,0.0,0.0
R_31u95LQ3FqxctJN,True,Opt_out,Share,20.0,1.0
R_33EfsawBNrTM5WX,False,Opt_in,Share,0.0,0.0
R_33EfsawBNrTM5WX,False,Opt_out,Share,20.0,1.0
R_33EfsawBNrTM5WX,True,Opt_in,Share,0.0,0.0
R_33EfsawBNrTM5WX,True,Opt_out,Share,20.0,1.0
R_33xL6yCDVguFJSU,False,Opt_in,Share,1.0,0.05
R_33xL6yCDVguFJSU,False,Opt_out,Share,19.0,0.95
R_33xL6yCDVguFJSU,True,Opt_in,Share,0.0,0.0
R_33xL6yCDVguFJSU,True,Opt_out,Share,20.0,1.0
R_3CIV8CFAdXa9dbG,False,Opt_in,Share,4.0,0.2
R_3CIV8CFAdXa9dbG,False,Opt_out,Share,16.0,0.8
R_3CIV8CFAdXa9dbG,True,Opt_in,Share,3.0,0.15
R_3CIV8CFAdXa9dbG,True,Opt_out,Share,17.0,0.85
R_3Dp8u3x2RN0jTXu,False,Opt_in,Share,20.0,1.0
R_3Dp8u3x2RN0jTXu,False,Opt_out,Share,0.0,0.0
R_3Dp8u3x2RN0jTXu,True,Opt_in,Share,20.0,1.0
R_3Dp8u3x2RN0jTXu,True,Opt_out,Share,0.0,0.0
R_3EfEDqbfkfq6FUR,False,Opt_in,Share,9.0,0.45
R_3EfEDqbfkfq6FUR,False,Opt_out,Share,11.0,0.55
R_3EfEDqbfkfq6FUR,True,Opt_in,Share,17.0,0.85
R_3EfEDqbfkfq6FUR,True,Opt_out,Share,3.0,0.15
R_3EzJaIlhuMIq63z,False,Opt_in,Share,20.0,1.0
R_3EzJaIlhuMIq63z,False,Opt_out,Share,0.0,0.0
R_3EzJaIlhuMIq63z,True,Opt_in,Share,20.0,1.0
R_3EzJaIlhuMIq63z,True,Opt_out,Share,0.0,0.0
R_3GeQMSdZSWKy25e,False,Opt_in,Share,19.0,0.95
R_3GeQMSdZSWKy25e,False,Opt_out,Share,1.0,0.05
R_3GeQMSdZSWKy25e,True,Opt_in,Share,18.0,0.9
R_3GeQMSdZSWKy25e,True,Opt_out,Share,2.0,0.1
R_3GuZrqwOBhYFNHD,False,Opt_in,Share,20.0,1.0
R_3GuZrqwOBhYFNHD,False,Opt_out,Share,0.0,0.0
R_3GuZrqwOBhYFNHD,True,Opt_in,Share,20.0,1.0
R_3GuZrqwOBhYFNHD,True,Opt_out,Share,0.0,0.0
R_3HBybdlLfqAbUgQ,False,Opt_in,Share,20.0,1.0
R_3HBybdlLfqAbUgQ,False,Opt_out,Share,0.0,0.0
R_3HBybdlLfqAbUgQ,True,Opt_in,Share,20.0,1.0
R_3HBybdlLfqAbUgQ,True,Opt_out,Share,0.0,0.0
R_3HSLqbVcJdpOwbP,False,Opt_in,Share,20.0,1.0
R_3HSLqbVcJdpOwbP,False,Opt_out,Share,0.0,0.0
R_3HSLqbVcJdpOwbP,True,Opt_in,Share,20.0,1.0
R_3HSLqbVcJdpOwbP,True,Opt_out,Share,0.0,0.0
R_3HZj2atVxnqZTUY,False,Opt_in,Share,1.0,0.05
R_3HZj2atVxnqZTUY,False,Opt_out,Share,19.0,0.95
R_3HZj2atVxnqZTUY,True,Opt_in,Share,7.0,0.35
R_3HZj2atVxnqZTUY,True,Opt_out,Share,13.0,0.65
R_3I5zcrYKlzZ9eKo,False,Opt_in,Share,20.0,1.0
R_3I5zcrYKlzZ9eKo,False,Opt_out,Share,0.0,0.0
R_3I5zcrYKlzZ9eKo,True,Opt_in,Share,20.0,1.0
R_3I5zcrYKlzZ9eKo,True,Opt_out,Share,0.0,0.0
R_3ITanW7zwlxxCJZ,False,Opt_in,Share,11.0,0.55
R_3ITanW7zwlxxCJZ,False,Opt_out,Share,9.0,0.45
R_3ITanW7zwlxxCJZ,True,Opt_in,Share,13.0,0.65
R_3ITanW7zwlxxCJZ,True,Opt_out,Share,7.0,0.35
R_3JJmRsPJVXwatwc,False,Opt_in,Share,12.0,0.6
R_3JJmRsPJVXwatwc,False,Opt_out,Share,8.0,0.4
R_3JJmRsPJVXwatwc,True,Opt_in,Share,11.0,0.55
R_3JJmRsPJVXwatwc,True,Opt_out,Share,9.0,0.45
R_3JxWl6OoXxSaJTu,False,Opt_in,Share,3.0,0.15
R_3JxWl6OoXxSaJTu,False,Opt_out,Share,17.0,0.85
R_3JxWl6OoXxSaJTu,True,Opt_in,Share,5.0,0.25
R_3JxWl6OoXxSaJTu,True,Opt_out,Share,15.0,0.75
R_3JxblqwH1aBBCBi,False,Opt_in,Share,17.0,0.85
R_3JxblqwH1aBBCBi,False,Opt_out,Share,3.0,0.15
R_3JxblqwH1aBBCBi,True,Opt_in,Share,16.0,0.8
R_3JxblqwH1aBBCBi,True,Opt_out,Share,4.0,0.2
R_3L2b39Bry7zOJfx,False,Opt_in,Share,4.0,0.2
R_3L2b39Bry7zOJfx,False,Opt_out,Share,16.0,0.8
R_3L2b39Bry7zOJfx,True,Opt_in,Share,4.0,0.2
R_3L2b39Bry7zOJfx,True,Opt_out,Share,16.0,0.8
R_3L7syTtVdtIVerr,False,Opt_in,Share,3.0,0.15
R_3L7syTtVdtIVerr,False,Opt_out,Share,17.0,0.85
R_3L7syTtVdtIVerr,True,Opt_in,Share,17.0,0.85
R_3L7syTtVdtIVerr,True,Opt_out,Share,3.0,0.15
R_3NI1ei9vpfgtXlA,False,Opt_in,Share,2.0,0.1
R_3NI1ei9vpfgtXlA,False,Opt_out,Share,18.0,0.9
R_3NI1ei9vpfgtXlA,True,Opt_in,Share,2.0,0.1
R_3NI1ei9vpfgtXlA,True,Opt_out,Share,18.0,0.9
R_3NLaJ5mCjX49s77,False,Opt_in,Share,20.0,1.0
R_3NLaJ5mCjX49s77,False,Opt_out,Share,0.0,0.0
R_3NLaJ5mCjX49s77,True,Opt_in,Share,20.0,1.0
R_3NLaJ5mCjX49s77,True,Opt_out,Share,0.0,0.0
R_3OcTHVL5l7YvnFZ,False,Opt_in,Share,9.0,0.45
R_3OcTHVL5l7YvnFZ,False,Opt_out,Share,11.0,0.55
R_3OcTHVL5l7YvnFZ,True,Opt_in,Share,15.0,0.75
R_3OcTHVL5l7YvnFZ,True,Opt_out,Share,5.0,0.25
R_3OoXQhIfHNlGBK4,False,Opt_in,Share,1.0,0.05
R_3OoXQhIfHNlGBK4,False,Opt_out,Share,19.0,0.95
R_3OoXQhIfHNlGBK4,True,Opt_in,Share,0.0,0.0
R_3OoXQhIfHNlGBK4,True,Opt_out,Share,20.0,1.0
R_3PYQfhvuftic2lg,False,Opt_in,Share,12.0,0.6
R_3PYQfhvuftic2lg,False,Opt_out,Share,8.0,0.4
R_3PYQfhvuftic2lg,True,Opt_in,Share,15.0,0.75
R_3PYQfhvuftic2lg,True,Opt_out,Share,5.0,0.25
R_3PoxfsopZhKmMP3,False,Opt_in,Share,2.0,0.1
R_3PoxfsopZhKmMP3,False,Opt_out,Share,18.0,0.9
R_3PoxfsopZhKmMP3,True,Opt_in,Share,1.0,0.05
R_3PoxfsopZhKmMP3,True,Opt_out,Share,19.0,0.95
R_3RpuPpkMzZHn8uL,False,Opt_in,Share,20.0,1.0
R_3RpuPpkMzZHn8uL,False,Opt_out,Share,0.0,0.0
R_3RpuPpkMzZHn8uL,True,Opt_in,Share,20.0,1.0
R_3RpuPpkMzZHn8uL,True,Opt_out,Share,0.0,0.0
R_3RrpKCvnQHQNEU6,False,Opt_in,Share,20.0,1.0
R_3RrpKCvnQHQNEU6,False,Opt_out,Share,0.0,0.0
R_3RrpKCvnQHQNEU6,True,Opt_in,Share,20.0,1.0
R_3RrpKCvnQHQNEU6,True,Opt_out,Share,0.0,0.0
R_3dJI34CatYKslFs,False,Opt_in,Share,18.0,0.9
R_3dJI34CatYKslFs,False,Opt_out,Share,2.0,0.1
R_3dJI34CatYKslFs,True,Opt_in,Share,19.0,0.95
R_3dJI34CatYKslFs,True,Opt_out,Share,1.0,0.05
R_3dX3g9XN7SNMnXe,False,Opt_in,Share,20.0,1.0
R_3dX3g9XN7SNMnXe,False,Opt_out,Share,0.0,0.0
R_3dX3g9XN7SNMnXe,True,Opt_in,Share,20.0,1.0
R_3dX3g9XN7SNMnXe,True,Opt_out,Share,0.0,0.0
R_3dXLU13sCDAuhvm,False,Opt_in,Share,20.0,1.0
R_3dXLU13sCDAuhvm,False,Opt_out,Share,0.0,0.0
R_3dXLU13sCDAuhvm,True,Opt_in,Share,19.0,0.95
R_3dXLU13sCDAuhvm,True,Opt_out,Share,1.0,0.05
R_3eqq1IWENrtPN29,False,Opt_in,Share,0.0,0.0
R_3eqq1IWENrtPN29,False,Opt_out,Share,20.0,1.0
R_3eqq1IWENrtPN29,True,Opt_in,Share,0.0,0.0
R_3eqq1IWENrtPN29,True,Opt_out,Share,20.0,1.0
R_3erze7NbUGRun8y,False,Opt_in,Share,11.0,0.55
R_3erze7NbUGRun8y,False,Opt_out,Share,9.0,0.45
R_3erze7NbUGRun8y,True,Opt_in,Share,10.0,0.5
R_3erze7NbUGRun8y,True,Opt_out,Share,10.0,0.5
R_3ewzs5R0MqrKTTq,False,Opt_in,Share,20.0,1.0
R_3ewzs5R0MqrKTTq,False,Opt_out,Share,0.0,0.0
R_3ewzs5R0MqrKTTq,True,Opt_in,Share,20.0,1.0
R_3ewzs5R0MqrKTTq,True,Opt_out,Share,0.0,0.0
R_3fj9RKev4KObhgV,False,Opt_in,Share,20.0,1.0
R_3fj9RKev4KObhgV,False,Opt_out,Share,0.0,0.0
R_3fj9RKev4KObhgV,True,Opt_in,Share,20.0,1.0
R_3fj9RKev4KObhgV,True,Opt_out,Share,0.0,0.0
R_3h5RnZ1ow4nUyDC,False,Opt_in,Share,12.0,0.6
R_3h5RnZ1ow4nUyDC,False,Opt_out,Share,8.0,0.4
R_3h5RnZ1ow4nUyDC,True,Opt_in,Share,17.0,0.85
R_3h5RnZ1ow4nUyDC,True,Opt_out,Share,3.0,0.15
R_3hgspEwxNpgFfm5,False,Opt_in,Share,6.0,0.3
R_3hgspEwxNpgFfm5,False,Opt_out,Share,14.0,0.7
R_3hgspEwxNpgFfm5,True,Opt_in,Share,6.0,0.3
R_3hgspEwxNpgFfm5,True,Opt_out,Share,14.0,0.7
R_3hzhGQkbgwJV6jL,False,Opt_in,Share,10.0,0.5
R_3hzhGQkbgwJV6jL,False,Opt_out,Share,10.0,0.5
R_3hzhGQkbgwJV6jL,True,Opt_in,Share,17.0,0.85
R_3hzhGQkbgwJV6jL,True,Opt_out,Share,3.0,0.15
R_3iL3n4BvZyZqn8p,False,Opt_in,Share,0.0,0.0
R_3iL3n4BvZyZqn8p,False,Opt_out,Share,20.0,1.0
R_3iL3n4BvZyZqn8p,True,Opt_in,Share,0.0,0.0
R_3iL3n4BvZyZqn8p,True,Opt_out,Share,20.0,1.0
R_3j8JqMv99PiKL3c,False,Opt_in,Share,20.0,1.0
R_3j8JqMv99PiKL3c,False,Opt_out,Share,0.0,0.0
R_3j8JqMv99PiKL3c,True,Opt_in,Share,20.0,1.0
R_3j8JqMv99PiKL3c,True,Opt_out,Share,0.0,0.0
R_3j8xwVJfP4RpgaG,False,Opt_in,Share,20.0,1.0
R_3j8xwVJfP4RpgaG,False,Opt_out,Share,0.0,0.0
R_3j8xwVJfP4RpgaG,True,Opt_in,Share,20.0,1.0
R_3j8xwVJfP4RpgaG,True,Opt_out,Share,0.0,0.0
R_3jT2l1JZaWbQTFp,False,Opt_in,Share,20.0,1.0
R_3jT2l1JZaWbQTFp,False,Opt_out,Share,0.0,0.0
R_3jT2l1JZaWbQTFp,True,Opt_in,Share,20.0,1.0
R_3jT2l1JZaWbQTFp,True,Opt_out,Share,0.0,0.0
R_3jUqMTHE50nsYBe,False,Opt_in,Share,5.0,0.25
R_3jUqMTHE50nsYBe,False,Opt_out,Share,15.0,0.75
R_3jUqMTHE50nsYBe,True,Opt_in,Share,11.0,0.55
R_3jUqMTHE50nsYBe,True,Opt_out,Share,9.0,0.45
R_3jUt5zi8srEFjrd,False,Opt_in,Share,19.0,0.95
R_3jUt5zi8srEFjrd,False,Opt_out,Share,1.0,0.05
R_3jUt5zi8srEFjrd,True,Opt_in,Share,19.0,0.95
R_3jUt5zi8srEFjrd,True,Opt_out,Share,1.0,0.05
R_3lKfkcYuNbHXomd,False,Opt_in,Share,2.0,0.1
R_3lKfkcYuNbHXomd,False,Opt_out,Share,18.0,0.9
R_3lKfkcYuNbHXomd,True,Opt_in,Share,2.0,0.1
R_3lKfkcYuNbHXomd,True,Opt_out,Share,18.0,0.9
R_3mk6k4lPyoVJN6p,False,Opt_in,Share,4.0,0.2
R_3mk6k4lPyoVJN6p,False,Opt_out,Share,16.0,0.8
R_3mk6k4lPyoVJN6p,True,Opt_in,Share,12.0,0.6
R_3mk6k4lPyoVJN6p,True,Opt_out,Share,8.0,0.4
R_3nfpgGIv9a2VHfq,False,Opt_in,Share,13.0,0.65
R_3nfpgGIv9a2VHfq,False,Opt_out,Share,7.0,0.35
R_3nfpgGIv9a2VHfq,True,Opt_in,Share,14.0,0.7
R_3nfpgGIv9a2VHfq,True,Opt_out,Share,6.0,0.3
R_3p5U2M9qa09ehk8,False,Opt_in,Share,0.0,0.0
R_3p5U2M9qa09ehk8,False,Opt_out,Share,20.0,1.0
R_3p5U2M9qa09ehk8,True,Opt_in,Share,0.0,0.0
R_3p5U2M9qa09ehk8,True,Opt_out,Share,20.0,1.0
R_3pmNGV5hK0oSyoo,False,Opt_in,Share,2.0,0.1
R_3pmNGV5hK0oSyoo,False,Opt_out,Share,18.0,0.9
R_3pmNGV5hK0oSyoo,True,Opt_in,Share,3.0,0.15
R_3pmNGV5hK0oSyoo,True,Opt_out,Share,17.0,0.85
R_3q9USD0WBAAmldP,False,Opt_in,Share,8.0,0.4
R_3q9USD0WBAAmldP,False,Opt_out,Share,12.0,0.6
R_3q9USD0WBAAmldP,True,Opt_in,Share,4.0,0.2
R_3q9USD0WBAAmldP,True,Opt_out,Share,16.0,0.8
R_3qOGjfPCeqCsDWh,False,Opt_in,Share,20.0,1.0
R_3qOGjfPCeqCsDWh,False,Opt_out,Share,0.0,0.0
R_3qOGjfPCeqCsDWh,True,Opt_in,Share,20.0,1.0
R_3qOGjfPCeqCsDWh,True,Opt_out,Share,0.0,0.0
R_3sv0eB9TN4hp7xp,False,Opt_in,Share,0.0,0.0
R_3sv0eB9TN4hp7xp,False,Opt_out,Share,20.0,1.0
R_3sv0eB9TN4hp7xp,True,Opt_in,Share,0.0,0.0
R_3sv0eB9TN4hp7xp,True,Opt_out,Share,20.0,1.0
R_4OemKX1ibt5NHJ7,False,Opt_in,Share,20.0,1.0
R_4OemKX1ibt5NHJ7,False,Opt_out,Share,0.0,0.0
R_4OemKX1ibt5NHJ7,True,Opt_in,Share,20.0,1.0
R_4OemKX1ibt5NHJ7,True,Opt_out,Share,0.0,0.0
R_50SOeWNkK6NJGa5,False,Opt_in,Share,5.0,0.25
R_50SOeWNkK6NJGa5,False,Opt_out,Share,15.0,0.75
R_50SOeWNkK6NJGa5,True,Opt_in,Share,5.0,0.25
R_50SOeWNkK6NJGa5,True,Opt_out,Share,15.0,0.75
R_6VivGVm4ZGr8cVj,False,Opt_in,Share,7.0,0.35
R_6VivGVm4ZGr8cVj,False,Opt_out,Share,13.0,0.65
R_6VivGVm4ZGr8cVj,True,Opt_in,Share,12.0,0.6
R_6VivGVm4ZGr8cVj,True,Opt_out,Share,8.0,0.4
R_73Zpy40rq2lrCI9,False,Opt_in,Share,2.0,0.1
R_73Zpy40rq2lrCI9,False,Opt_out,Share,18.0,0.9
R_73Zpy40rq2lrCI9,True,Opt_in,Share,13.0,0.65
R_73Zpy40rq2lrCI9,True,Opt_out,Share,7.0,0.35
R_7TIsvtZ6yjIghwt,False,Opt_in,Share,2.0,0.1
R_7TIsvtZ6yjIghwt,False,Opt_out,Share,18.0,0.9
R_7TIsvtZ6yjIghwt,True,Opt_in,Share,10.0,0.5
R_7TIsvtZ6yjIghwt,True,Opt_out,Share,10.0,0.5
R_82nfsSb7DhiHwtj,False,Opt_in,Share,20.0,1.0
R_82nfsSb7DhiHwtj,False,Opt_out,Share,0.0,0.0
R_82nfsSb7DhiHwtj,True,Opt_in,Share,20.0,1.0
R_82nfsSb7DhiHwtj,True,Opt_out,Share,0.0,0.0
R_8kx2UyWQOhelaw1,False,Opt_in,Share,0.0,0.0
R_8kx2UyWQOhelaw1,False,Opt_out,Share,20.0,1.0
R_8kx2UyWQOhelaw1,True,Opt_in,Share,0.0,0.0
R_8kx2UyWQOhelaw1,True,Opt_out,Share,20.0,1.0
R_ALni5r9g1E2OMwN,False,Opt_in,Share,4.0,0.2
R_ALni5r9g1E2OMwN,False,Opt_out,Share,16.0,0.8
R_ALni5r9g1E2OMwN,True,Opt_in,Share,9.0,0.45
R_ALni5r9g1E2OMwN,True,Opt_out,Share,11.0,0.55
R_AsoJLxSjis0WYsp,False,Opt_in,Share,9.0,0.45
R_AsoJLxSjis0WYsp,False,Opt_out,Share,11.0,0.55
R_AsoJLxSjis0WYsp,True,Opt_in,Share,9.0,0.45
R_AsoJLxSjis0WYsp,True,Opt_out,Share,11.0,0.55
R_BVOahoXztEB3Z2p,False,Opt_in,Share,3.0,0.15
R_BVOahoXztEB3Z2p,False,Opt_out,Share,17.0,0.85
R_BVOahoXztEB3Z2p,True,Opt_in,Share,2.0,0.1
R_BVOahoXztEB3Z2p,True,Opt_out,Share,18.0,0.9
R_D7ad1mQbd5A29cB,False,Opt_in,Share,8.0,0.4
R_D7ad1mQbd5A29cB,False,Opt_out,Share,12.0,0.6
R_D7ad1mQbd5A29cB,True,Opt_in,Share,5.0,0.25
R_D7ad1mQbd5A29cB,True,Opt_out,Share,15.0,0.75
R_Dl7umRgIMG0EU4F,False,Opt_in,Share,6.0,0.3
R_Dl7umRgIMG0EU4F,False,Opt_out,Share,14.0,0.7
R_Dl7umRgIMG0EU4F,True,Opt_in,Share,12.0,0.6
R_Dl7umRgIMG0EU4F,True,Opt_out,Share,8.0,0.4
R_PtGidoID7SCQNLr,False,Opt_in,Share,9.0,0.45
R_PtGidoID7SCQNLr,False,Opt_out,Share,11.0,0.55
R_PtGidoID7SCQNLr,True,Opt_in,Share,10.0,0.5
R_PtGidoID7SCQNLr,True,Opt_out,Share,10.0,0.5
R_QgY9Kc8RaNJKpsl,False,Opt_in,Share,4.0,0.2
R_QgY9Kc8RaNJKpsl,False,Opt_out,Share,16.0,0.8
R_QgY9Kc8RaNJKpsl,True,Opt_in,Share,3.0,0.15
R_QgY9Kc8RaNJKpsl,True,Opt_out,Share,17.0,0.85
R_R3p6tzYYWzAz78J,False,Opt_in,Share,20.0,1.0
R_R3p6tzYYWzAz78J,False,Opt_out,Share,0.0,0.0
R_R3p6tzYYWzAz78J,True,Opt_in,Share,19.0,0.95
R_R3p6tzYYWzAz78J,True,Opt_out,Share,1.0,0.05
R_RC9HHd0kz9DEMF3,False,Opt_in,Share,20.0,1.0
R_RC9HHd0kz9DEMF3,False,Opt_out,Share,0.0,0.0
R_RC9HHd0kz9DEMF3,True,Opt_in,Share,20.0,1.0
R_RC9HHd0kz9DEMF3,True,Opt_out,Share,0.0,0.0
R_RI8FsIxyvVyZcuR,False,Opt_in,Share,3.0,0.15
R_RI8FsIxyvVyZcuR,False,Opt_out,Share,17.0,0.85
R_RI8FsIxyvVyZcuR,True,Opt_in,Share,9.0,0.45
R_RI8FsIxyvVyZcuR,True,Opt_out,Share,11.0,0.55
R_RISiXXG4fkkAm7n,False,Opt_in,Share,11.0,0.55
R_RISiXXG4fkkAm7n,False,Opt_out,Share,9.0,0.45
R_RISiXXG4fkkAm7n,True,Opt_in,Share,20.0,1.0
R_RISiXXG4fkkAm7n,True,Opt_out,Share,0.0,0.0
R_RwawhU9Jg4XTMUV,False,Opt_in,Share,5.0,0.25
R_RwawhU9Jg4XTMUV,False,Opt_out,Share,15.0,0.75
R_RwawhU9Jg4XTMUV,True,Opt_in,Share,2.0,0.1
R_RwawhU9Jg4XTMUV,True,Opt_out,Share,18.0,0.9
R_UFu5B6AxL1Z7K4p,False,Opt_in,Share,3.0,0.15
R_UFu5B6AxL1Z7K4p,False,Opt_out,Share,17.0,0.85
R_UFu5B6AxL1Z7K4p,True,Opt_in,Share,10.0,0.5
R_UFu5B6AxL1Z7K4p,True,Opt_out,Share,10.0,0.5
R_UH36vcqaoUOxFbr,False,Opt_in,Share,0.0,0.0
R_UH36vcqaoUOxFbr,False,Opt_out,Share,20.0,1.0
R_UH36vcqaoUOxFbr,True,Opt_in,Share,0.0,0.0
R_UH36vcqaoUOxFbr,True,Opt_out,Share,20.0,1.0
R_VJNvDhHHSnB1S5b,False,Opt_in,Share,20.0,1.0
R_VJNvDhHHSnB1S5b,False,Opt_out,Share,0.0,0.0
R_VJNvDhHHSnB1S5b,True,Opt_in,Share,20.0,1.0
R_VJNvDhHHSnB1S5b,True,Opt_out,Share,0.0,0.0
R_VR3aZCVNSDLloA1,False,Opt_in,Share,20.0,1.0
R_VR3aZCVNSDLloA1,False,Opt_out,Share,0.0,0.0
R_VR3aZCVNSDLloA1,True,Opt_in,Share,20.0,1.0
R_VR3aZCVNSDLloA1,True,Opt_out,Share,0.0,0.0
R_WdQRnMEhL7e5cC5,False,Opt_in,Share,20.0,1.0
R_WdQRnMEhL7e5cC5,False,Opt_out,Share,0.0,0.0
R_WdQRnMEhL7e5cC5,True,Opt_in,Share,20.0,1.0
R_WdQRnMEhL7e5cC5,True,Opt_out,Share,0.0,0.0
R_WichxdB22JHNZap,False,Opt_in,Share,3.0,0.15
R_WichxdB22JHNZap,False,Opt_out,Share,17.0,0.85
R_WichxdB22JHNZap,True,Opt_in,Share,1.0,0.05
R_WichxdB22JHNZap,True,Opt_out,Share,19.0,0.95
R_XGOLQDT1o2Q2ZO1,False,Opt_in,Share,9.0,0.45
R_XGOLQDT1o2Q2ZO1,False,Opt_out,Share,11.0,0.55
R_XGOLQDT1o2Q2ZO1,True,Opt_in,Share,9.0,0.45
R_XGOLQDT1o2Q2ZO1,True,Opt_out,Share,11.0,0.55
R_Y4YJpLnImSA2gCt,False,Opt_in,Share,20.0,1.0
R_Y4YJpLnImSA2gCt,False,Opt_out,Share,0.0,0.0
R_Y4YJpLnImSA2gCt,True,Opt_in,Share,20.0,1.0
R_Y4YJpLnImSA2gCt,True,Opt_out,Share,0.0,0.0
R_YPJ0oZiNCkf4iVr,False,Opt_in,Share,0.0,0.0
R_YPJ0oZiNCkf4iVr,False,Opt_out,Share,20.0,1.0
R_YPJ0oZiNCkf4iVr,True,Opt_in,Share,0.0,0.0
R_YPJ0oZiNCkf4iVr,True,Opt_out,Share,20.0,1.0
R_YS95vtg6viyC7sJ,False,Opt_in,Share,20.0,1.0
R_YS95vtg6viyC7sJ,False,Opt_out,Share,0.0,0.0
R_YS95vtg6viyC7sJ,True,Opt_in,Share,20.0,1.0
R_YS95vtg6viyC7sJ,True,Opt_out,Share,0.0,0.0
R_YWV8fPVlfiERNER,False,Opt_in,Share,20.0,1.0
R_YWV8fPVlfiERNER,False,Opt_out,Share,0.0,0.0
R_YWV8fPVlfiERNER,True,Opt_in,Share,20.0,1.0
R_YWV8fPVlfiERNER,True,Opt_out,Share,0.0,0.0
R_Yb0ZEqC9pqEsrNn,False,Opt_in,Share,2.0,0.1
R_Yb0ZEqC9pqEsrNn,False,Opt_out,Share,18.0,0.9
R_Yb0ZEqC9pqEsrNn,True,Opt_in,Share,0.0,0.0
R_Yb0ZEqC9pqEsrNn,True,Opt_out,Share,20.0,1.0
R_Z48Q2eGpWFHNSDL,False,Opt_in,Share,2.0,0.1
R_Z48Q2eGpWFHNSDL,False,Opt_out,Share,18.0,0.9
R_Z48Q2eGpWFHNSDL,True,Opt_in,Share,2.0,0.1
R_Z48Q2eGpWFHNSDL,True,Opt_out,Share,18.0,0.9
R_a62sd1V656nqN2x,False,Opt_in,Share,0.0,0.0
R_a62sd1V656nqN2x,False,Opt_out,Share,20.0,1.0
R_a62sd1V656nqN2x,True,Opt_in,Share,7.0,0.35
R_a62sd1V656nqN2x,True,Opt_out,Share,13.0,0.65
R_bBhCC47IGMGLOkV,False,Opt_in,Share,0.0,0.0
R_bBhCC47IGMGLOkV,False,Opt_out,Share,20.0,1.0
R_bBhCC47IGMGLOkV,True,Opt_in,Share,0.0,0.0
R_bBhCC47IGMGLOkV,True,Opt_out,Share,20.0,1.0
R_bHowuWIDiuGMRhL,False,Opt_in,Share,1.0,0.05
R_bHowuWIDiuGMRhL,False,Opt_out,Share,19.0,0.95
R_bHowuWIDiuGMRhL,True,Opt_in,Share,4.0,0.2
R_bHowuWIDiuGMRhL,True,Opt_out,Share,16.0,0.8
R_bI17SnoGOn3F2Rr,False,Opt_in,Share,20.0,1.0
R_bI17SnoGOn3F2Rr,False,Opt_out,Share,0.0,0.0
R_bI17SnoGOn3F2Rr,True,Opt_in,Share,20.0,1.0
R_bI17SnoGOn3F2Rr,True,Opt_out,Share,0.0,0.0
R_bNIMal80fCqFrEd,False,Opt_in,Share,3.0,0.15
R_bNIMal80fCqFrEd,False,Opt_out,Share,17.0,0.85
R_bNIMal80fCqFrEd,True,Opt_in,Share,4.0,0.2
R_bNIMal80fCqFrEd,True,Opt_out,Share,16.0,0.8
R_bQ2kvVCXZ2cxctj,False,Opt_in,Share,0.0,0.0
R_bQ2kvVCXZ2cxctj,False,Opt_out,Share,20.0,1.0
R_bQ2kvVCXZ2cxctj,True,Opt_in,Share,0.0,0.0
R_bQ2kvVCXZ2cxctj,True,Opt_out,Share,20.0,1.0
R_beaUavmv8TZZeQF,False,Opt_in,Share,20.0,1.0
R_beaUavmv8TZZeQF,False,Opt_out,Share,0.0,0.0
R_beaUavmv8TZZeQF,True,Opt_in,Share,20.0,1.0
R_beaUavmv8TZZeQF,True,Opt_out,Share,0.0,0.0
R_bmFsMpmPn7XnKCZ,False,Opt_in,Share,20.0,1.0
R_bmFsMpmPn7XnKCZ,False,Opt_out,Share,0.0,0.0
R_bmFsMpmPn7XnKCZ,True,Opt_in,Share,20.0,1.0
R_bmFsMpmPn7XnKCZ,True,Opt_out,Share,0.0,0.0
R_brQ6qgXwB2mbaKJ,False,Opt_in,Share,20.0,1.0
R_brQ6qgXwB2mbaKJ,False,Opt_out,Share,0.0,0.0
R_brQ6qgXwB2mbaKJ,True,Opt_in,Share,20.0,1.0
R_brQ6qgXwB2mbaKJ,True,Opt_out,Share,0.0,0.0
R_cPiD1GHHVhI2uYN,False,Opt_in,Share,6.0,0.3
R_cPiD1GHHVhI2uYN,False,Opt_out,Share,14.0,0.7
R_cPiD1GHHVhI2uYN,True,Opt_in,Share,14.0,0.7
R_cPiD1GHHVhI2uYN,True,Opt_out,Share,6.0,0.3
R_e2H1212tpeorH8Z,False,Opt_in,Share,20.0,1.0
R_e2H1212tpeorH8Z,False,Opt_out,Share,0.0,0.0
R_e2H1212tpeorH8Z,True,Opt_in,Share,20.0,1.0
R_e2H1212tpeorH8Z,True,Opt_out,Share,0.0,0.0
R_efGXg98mCC6IQwN,False,Opt_in,Share,14.0,0.7
R_efGXg98mCC6IQwN,False,Opt_out,Share,6.0,0.3
R_efGXg98mCC6IQwN,True,Opt_in,Share,15.0,0.75
R_efGXg98mCC6IQwN,True,Opt_out,Share,5.0,0.25
R_ekVFqygvxmSaYuZ,False,Opt_in,Share,20.0,1.0
R_ekVFqygvxmSaYuZ,False,Opt_out,Share,0.0,0.0
R_ekVFqygvxmSaYuZ,True,Opt_in,Share,20.0,1.0
R_ekVFqygvxmSaYuZ,True,Opt_out,Share,0.0,0.0
R_elmyp0vpTUCVldL,False,Opt_in,Share,19.0,0.95
R_elmyp0vpTUCVldL,False,Opt_out,Share,1.0,0.05
R_elmyp0vpTUCVldL,True,Opt_in,Share,18.0,0.9
R_elmyp0vpTUCVldL,True,Opt_out,Share,2.0,0.1
R_pg8Rl45IluOwF57,False,Opt_in,Share,0.0,0.0
R_pg8Rl45IluOwF57,False,Opt_out,Share,20.0,1.0
R_pg8Rl45IluOwF57,True,Opt_in,Share,2.0,0.1
R_pg8Rl45IluOwF57,True,Opt_out,Share,18.0,0.9
R_qFlIlkp5kLdrjeV,False,Opt_in,Share,18.0,0.9
R_qFlIlkp5kLdrjeV,False,Opt_out,Share,2.0,0.1
R_qFlIlkp5kLdrjeV,True,Opt_in,Share,15.0,0.75
R_qFlIlkp5kLdrjeV,True,Opt_out,Share,5.0,0.25
R_r1mv6z8u3rNs0Rr,False,Opt_in,Share,5.0,0.25
R_r1mv6z8u3rNs0Rr,False,Opt_out,Share,15.0,0.75
R_r1mv6z8u3rNs0Rr,True,Opt_in,Share,5.0,0.25
R_r1mv6z8u3rNs0Rr,True,Opt_out,Share,15.0,0.75
R_sA3DtoqiFcx5Zkd,False,Opt_in,Share,20.0,1.0
R_sA3DtoqiFcx5Zkd,False,Opt_out,Share,0.0,0.0
R_sA3DtoqiFcx5Zkd,True,Opt_in,Share,20.0,1.0
R_sA3DtoqiFcx5Zkd,True,Opt_out,Share,0.0,0.0
R_sFEojFqZfWvVOLL,False,Opt_in,Share,13.0,0.65
R_sFEojFqZfWvVOLL,False,Opt_out,Share,7.0,0.35
R_sFEojFqZfWvVOLL,True,Opt_in,Share,16.0,0.8
R_sFEojFqZfWvVOLL,True,Opt_out,Share,4.0,0.2
R_sG2c0KwrG9APE5z,False,Opt_in,Share,13.0,0.65
R_sG2c0KwrG9APE5z,False,Opt_out,Share,7.0,0.35
R_sG2c0KwrG9APE5z,True,Opt_in,Share,3.0,0.15
R_sG2c0KwrG9APE5z,True,Opt_out,Share,17.0,0.85
R_shDXTx9PSMrtLRD,False,Opt_in,Share,8.0,0.4
R_shDXTx9PSMrtLRD,False,Opt_out,Share,12.0,0.6
R_shDXTx9PSMrtLRD,True,Opt_in,Share,4.0,0.2
R_shDXTx9PSMrtLRD,True,Opt_out,Share,16.0,0.8
R_t09sCxL22HB21S9,False,Opt_in,Share,20.0,1.0
R_t09sCxL22HB21S9,False,Opt_out,Share,0.0,0.0
R_t09sCxL22HB21S9,True,Opt_in,Share,20.0,1.0
R_t09sCxL22HB21S9,True,Opt_out,Share,0.0,0.0
R_t0CxPCRizdt5Dpf,False,Opt_in,Share,14.0,0.7
R_t0CxPCRizdt5Dpf,False,Opt_out,Share,6.0,0.3
R_t0CxPCRizdt5Dpf,True,Opt_in,Share,14.0,0.7
R_t0CxPCRizdt5Dpf,True,Opt_out,Share,6.0,0.3
R_vUIEi8BEsVLaECJ,False,Opt_in,Share,20.0,1.0
R_vUIEi8BEsVLaECJ,False,Opt_out,Share,0.0,0.0
R_vUIEi8BEsVLaECJ,True,Opt_in,Share,20.0,1.0
R_vUIEi8BEsVLaECJ,True,Opt_out,Share,0.0,0.0
R_vd9epIVV1TIZDxL,False,Opt_in,Share,20.0,1.0
R_vd9epIVV1TIZDxL,False,Opt_out,Share,0.0,0.0
R_vd9epIVV1TIZDxL,True,Opt_in,Share,20.0,1.0
R_vd9epIVV1TIZDxL,True,Opt_out,Share,0.0,0.0
R_vdxWaWSWP4WYuoV,False,Opt_in,Share,20.0,1.0
R_vdxWaWSWP4WYuoV,False,Opt_out,Share,0.0,0.0
R_vdxWaWSWP4WYuoV,True,Opt_in,Share,20.0,1.0
R_vdxWaWSWP4WYuoV,True,Opt_out,Share,0.0,0.0
R_vukUKq1BMdUduFz,False,Opt_in,Share,8.0,0.4
R_vukUKq1BMdUduFz,False,Opt_out,Share,12.0,0.6
R_vukUKq1BMdUduFz,True,Opt_in,Share,6.0,0.3
R_vukUKq1BMdUduFz,True,Opt_out,Share,14.0,0.7
R_wLvVX7fbBDLjPqN,False,Opt_in,Share,10.0,0.5
R_wLvVX7fbBDLjPqN,False,Opt_out,Share,10.0,0.5
R_wLvVX7fbBDLjPqN,True,Opt_in,Share,9.0,0.45
R_wLvVX7fbBDLjPqN,True,Opt_out,Share,11.0,0.55
R_wUfFIUXN0l28ylz,False,Opt_in,Share,20.0,1.0
R_wUfFIUXN0l28ylz,False,Opt_out,Share,0.0,0.0
R_wUfFIUXN0l28ylz,True,Opt_in,Share,20.0,1.0
R_wUfFIUXN0l28ylz,True,Opt_out,Share,0.0,0.0
R_x3IxNycKJMQYFy1,False,Opt_in,Share,20.0,1.0
R_x3IxNycKJMQYFy1,False,Opt_out,Share,0.0,0.0
R_x3IxNycKJMQYFy1,True,Opt_in,Share,20.0,1.0
R_x3IxNycKJMQYFy1,True,Opt_out,Share,0.0,0.0
R_yF2MYsrMllzEffj,False,Opt_in,Share,20.0,1.0
R_yF2MYsrMllzEffj,False,Opt_out,Share,0.0,0.0
R_yF2MYsrMllzEffj,True,Opt_in,Share,20.0,1.0
R_yF2MYsrMllzEffj,True,Opt_out,Share,0.0,0.0
R_yPbWlARHqosI0h3,False,Opt_in,Share,2.0,0.1
R_yPbWlARHqosI0h3,False,Opt_out,Share,18.0,0.9
R_yPbWlARHqosI0h3,True,Opt_in,Share,10.0,0.5
R_yPbWlARHqosI0h3,True,Opt_out,Share,10.0,0.5
R_zUWOCCa5ARAgLFT,False,Opt_in,Share,0.0,0.0
R_zUWOCCa5ARAgLFT,False,Opt_out,Share,20.0,1.0
R_zUWOCCa5ARAgLFT,True,Opt_in,Share,0.0,0.0
R_zUWOCCa5ARAgLFT,True,Opt_out,Share,20.0,1.0
